Year,Mo,Dy,tave,tmax,mxtm,tmin,mntm,vp,rhmax,rhmxtm,rhmin,rhmntm,sr,wrun,pp,st5mx,st5mxtm,st5mn,st5mntm,st15mx,st15mxtm,st15mn,st15mntm,volts,year,gust,gusttm,gusdir,etr_asce,next tave
2019,1,1,-13.535,-10.073,14:10,-16.997,23:50,0.153,0.83,05:10,0.595,15:00,5.319,62.924,0.0,,,,,-1.8030000000000002,00:00,-3.195,23:00,,2019.0,5.155,08:10,,0.324,
2019,1,2,-5.791,6.01,14:50,-17.590999999999998,04:00,0.209,0.8390000000000001,04:20,0.21600000000000003,15:10,7.388,27.234,0.508,,,,,-2.9410000000000003,19:00,-4.802,11:00,,2019.0,4.332,11:50,,0.521,
2019,1,3,1.374,13.444,13:50,-10.696,05:00,0.34,0.836,01:50,0.175,13:30,6.529,28.465,0.0,,,,,-1.979,22:00,-4.638999999999999,10:00,,2019.0,4.096,15:40,,0.7290000000000001,
2019,1,4,4.544,15.089,14:40,-6.0,06:00,0.429,0.815,06:00,0.20199999999999999,14:30,6.202000000000001,36.616,0.0,,,,,-0.963,23:00,-2.7680000000000002,10:00,,2019.0,4.096,12:30,,0.893,
2019,1,5,4.465,14.440999999999999,12:50,-5.51,06:40,0.39899999999999997,0.769,06:50,0.184,14:00,5.931,34.283,0.0,,,,,-0.35,23:00,-1.401,11:00,,2019.0,4.077,12:20,,0.867,
2019,1,6,6.484,15.185,14:20,-2.2159999999999997,05:00,0.461,0.7170000000000001,08:10,0.237,14:20,4.831,68.581,0.0,,,,,0.165,23:00,-0.306,00:00,,2019.0,12.309000000000001,19:50,,1.3869999999999998,
2019,1,7,3.951,11.057,13:50,-3.154,07:00,0.29600000000000004,0.525,07:20,0.20800000000000002,13:40,6.093999999999999,122.475,0.0,,,,,0.609,21:00,0.179,00:00,,2019.0,13.994000000000002,10:10,,1.871,
2019,1,8,0.073,6.257999999999999,14:20,-6.112,07:40,0.305,0.708,07:50,0.287,14:50,6.636,51.05,0.0,,,,,0.831,18:00,0.389,14:00,,2019.0,6.252000000000001,03:10,,0.7959999999999999,
2019,1,9,-1.611,4.053,14:20,-7.276,03:10,0.3,0.737,03:40,0.37,14:20,2.967,18.645,0.0,,,,,0.628,00:00,0.257,13:00,,2019.0,2.5869999999999997,15:10,,0.473,
2019,1,10,6.022,13.627,14:30,-1.5819999999999999,00:30,0.405,0.652,05:00,0.215,14:50,4.9,26.351999999999997,0.0,,,,,1.104,22:00,0.282,09:00,,2019.0,2.842,12:50,,0.8009999999999999,
2019,1,11,3.194,5.0,01:50,1.3880000000000001,20:40,0.5479999999999999,0.965,09:10,0.46299999999999997,01:40,1.9880000000000002,51.174,9.398,,,,,2.585,19:00,0.943,04:00,,2019.0,4.88,11:10,,0.509,
2019,1,12,1.587,7.1339999999999995,14:50,-3.96,23:50,0.469,0.9440000000000001,05:30,0.426,14:40,6.402,39.916,0.0,,,,,3.733,18:00,1.631,11:00,,2019.0,4.626,11:40,,0.659,
2019,1,13,-0.441,6.2620000000000005,14:30,-7.144,07:10,0.37,0.863,03:30,0.391,15:30,7.559,32.539,0.0,,,,,2.717,00:00,1.178,15:00,,2019.0,4.665,16:10,,0.597,
2019,1,14,0.16399999999999998,10.491,14:50,-10.163,06:30,0.309,0.863,06:10,0.14,15:30,7.843999999999999,29.89,0.0,,,,,1.265,00:00,0.642,19:00,,2019.0,4.155,14:30,,0.727,
2019,1,15,1.7109999999999999,11.457,13:30,-8.035,04:30,0.325,0.78,02:40,0.162,13:30,6.478,30.701999999999998,0.0,,,,,0.648,01:00,0.223,14:00,,2019.0,4.038,14:20,,0.8009999999999999,
2019,1,16,4.581,9.872,16:00,-0.71,00:00,0.406,0.647,23:50,0.313,14:00,2.9,36.234,0.0,,,,,0.506,22:00,0.38,00:00,,2019.0,7.507000000000001,16:40,,0.794,
2019,1,17,3.755,10.319,15:10,-2.8089999999999997,06:30,0.435,0.775,07:30,0.314,14:50,6.135,47.901,0.0,,,,,0.519,04:00,0.40399999999999997,14:00,,2019.0,5.41,06:50,,0.932,
2019,1,18,1.7480000000000002,6.17,09:50,-2.674,21:50,0.46,0.93,11:30,0.39899999999999997,23:40,2.385,71.165,0.762,,,,,0.618,22:00,0.504,00:00,,2019.0,11.700999999999999,13:10,,0.759,
2019,1,19,0.794,7.529,16:10,-5.941,07:20,0.4,0.888,07:50,0.35100000000000003,15:30,7.042999999999999,55.67,0.0,,,,,0.627,02:00,0.435,14:00,,2019.0,5.997999999999999,12:00,,0.872,
2019,1,20,3.699,9.609,15:10,-2.211,07:30,0.452,0.768,22:40,0.368,10:10,4.871,48.849,0.0,,,,,0.545,23:00,0.484,12:00,,2019.0,5.252999999999999,11:50,,0.93,
2019,1,21,1.5090000000000001,8.497,13:00,-5.479,07:10,0.449,0.945,20:50,0.376,13:30,6.09,78.712,0.0,,,,,0.563,03:00,0.47,13:00,,2019.0,13.425999999999998,20:20,,1.057,
2019,1,22,-2.3890000000000002,1.306,14:40,-6.082999999999999,23:50,0.235,0.613,23:50,0.308,14:20,5.033,128.659,0.0,,,,,0.6609999999999999,22:00,0.545,00:00,,2019.0,12.857999999999999,02:00,,1.274,
2019,1,23,-2.238,5.033,15:40,-9.508,05:10,0.27699999999999997,0.8140000000000001,06:30,0.257,16:30,5.088,56.479,0.0,,,,,0.66,00:00,0.271,15:00,,2019.0,6.037000000000001,22:30,,0.902,
2019,1,24,-4.388999999999999,0.59,00:00,-9.368,23:30,0.326,0.9329999999999999,07:50,0.5489999999999999,00:00,7.394,83.023,2.286,,,,,0.38799999999999996,08:00,0.31,12:00,,2019.0,11.936,06:00,,0.6940000000000001,
2019,1,25,-4.567,1.97,13:50,-11.104000000000001,06:50,0.28,0.914,01:00,0.376,14:30,9.248,67.842,1.524,,,,,0.314,00:00,0.016,13:00,,2019.0,7.624,12:10,,0.795,
2019,1,26,0.19899999999999998,8.491,13:10,-8.092,03:40,0.345,0.838,03:50,0.27899999999999997,11:40,7.189,77.78399999999999,0.0,,,,,0.126,00:00,-0.361,12:00,,2019.0,13.7,12:20,,1.214,
2019,1,27,5.772,15.923,12:20,-4.379,07:00,0.433,0.7390000000000001,07:00,0.205,12:30,6.957000000000001,89.758,0.0,,,,,0.109,23:00,-0.344,12:00,,2019.0,14.68,19:10,,1.879,
2019,1,28,-2.951,1.979,00:10,-7.881,23:50,0.299,0.845,23:20,0.373,11:00,7.457999999999999,130.727,0.0,,,,,0.409,23:00,0.147,00:00,,2019.0,11.917,08:20,,1.143,
2019,1,29,-5.122000000000001,0.8809999999999999,13:50,-11.125,06:20,0.253,0.871,06:10,0.342,15:20,9.336,63.677,0.0,,,,,0.41700000000000004,01:00,-0.19899999999999998,13:00,,2019.0,8.056000000000001,14:40,,0.804,
2019,1,30,-3.679,5.61,15:30,-12.967,07:20,0.249,0.851,06:20,0.222,15:30,7.971,43.637,0.0,,,,,0.083,00:00,-1.421,11:00,,2019.0,5.821000000000001,09:10,,0.866,
2019,1,31,1.3659999999999999,10.501,15:20,-7.768,06:40,0.315,0.753,06:10,0.183,16:00,8.67,39.929,0.0,,,,,-0.156,23:00,-1.033,11:00,,2019.0,5.39,11:10,,1.033,
2019,2,1,3.617,14.232000000000001,14:50,-6.999,07:10,0.379,0.769,07:10,0.19,13:40,8.862,36.293,0.0,,,,,0.066,23:00,-0.41100000000000003,12:00,,2019.0,5.272,13:40,,1.113,
2019,2,2,4.365,15.445,14:00,-6.715,07:00,0.409,0.809,07:20,0.17300000000000001,12:50,8.138,40.951,0.0,,,,,0.315,23:00,0.094,00:00,,2019.0,5.507999999999999,11:50,,1.244,
2019,2,3,8.895,18.579,12:50,-0.79,23:10,0.447,0.653,04:10,0.134,15:20,8.533,68.63,0.0,,,,,2.734,20:00,0.33899999999999997,00:00,,2019.0,12.995,13:00,,1.893,
2019,2,4,1.9340000000000002,9.546,06:10,-5.678,23:50,0.35200000000000004,0.7490000000000001,23:50,0.257,05:40,7.728,81.477,0.0,,,,,3.0039999999999996,19:00,1.146,12:00,,2019.0,8.193,05:40,,1.435,
2019,2,5,-0.69,5.354,15:20,-6.734,02:50,0.395,0.883,05:50,0.48,15:20,8.384,50.693000000000005,0.0,,,,,2.772,19:00,1.133,13:00,,2019.0,5.978,11:40,,0.87,
2019,2,6,-9.658999999999999,-3.109,00:00,-16.209,23:50,0.252,0.9640000000000001,03:20,0.752,22:30,1.2930000000000001,84.13600000000001,0.0,,,,,2.154,00:00,0.8390000000000001,23:00,,2019.0,6.037000000000001,14:40,,0.231,
2019,2,7,-15.989,-12.617,15:40,-19.361,08:10,0.131,0.8440000000000001,21:30,0.652,15:30,7.504,66.251,0.0,,,,,0.826,00:00,0.555,23:00,,2019.0,5.096,06:10,,0.37799999999999995,
2019,2,8,-9.802,-0.47700000000000004,14:20,-19.127,00:50,0.162,0.8240000000000001,00:00,0.298,13:30,8.724,31.425,4.064,,,,,0.535,00:00,0.146,15:00,,2019.0,4.1160000000000005,15:00,,0.631,
2019,2,9,-5.18,3.925,12:00,-14.285,06:30,0.248,0.857,02:00,0.341,12:00,8.254,51.994,0.0,,,,,0.13,00:00,-0.531,12:00,,2019.0,5.782,15:40,,0.897,
2019,2,10,-4.825,-1.248,15:00,-8.402999999999999,06:50,0.331,0.935,08:10,0.615,17:30,6.95,62.941,0.0,,,,,-0.043,23:00,-0.302,12:00,,2019.0,5.919,14:00,,0.672,
2019,2,11,-3.589,5.271,15:30,-12.449000000000002,05:30,0.253,0.9359999999999999,06:00,0.147,15:30,7.912000000000001,56.39,0.0,,,,,-0.048,00:00,-1.426,12:00,,2019.0,11.799000000000001,15:30,,1.101,
2019,2,12,2.783,9.312000000000001,13:30,-3.7460000000000004,07:10,0.228,0.467,23:40,0.14800000000000002,13:10,8.943999999999999,73.188,0.0,,,,,-0.336,23:00,-1.528,11:00,,2019.0,11.564,03:30,,1.635,
2019,2,13,6.672999999999999,15.249,14:30,-1.9040000000000001,06:00,0.32,0.534,06:00,0.12300000000000001,12:50,9.839,103.179,0.0,,,,,0.253,23:00,-0.287,00:00,,2019.0,16.621,13:40,,2.423,
2019,2,14,5.976,14.04,10:00,-2.088,23:50,0.44799999999999995,0.67,23:30,0.292,09:40,5.337000000000001,105.815,0.0,,,,,1.744,19:00,0.276,00:00,,2019.0,11.76,09:40,,1.984,
2019,2,15,2.3930000000000002,9.877,16:20,-5.09,07:20,0.384,0.732,07:20,0.32799999999999996,16:40,10.314,83.236,0.0,,,,,3.569,19:00,0.857,12:00,,2019.0,6.723,12:20,,1.5730000000000002,
2019,2,16,-0.857,5.129,12:30,-6.8420000000000005,05:00,0.312,0.857,05:10,0.23199999999999998,18:00,6.172999999999999,79.693,0.0,,,,,2.845,00:00,1.202,13:00,,2019.0,11.897,14:50,,1.261,
2019,2,17,-4.927,0.44799999999999995,12:30,-10.302,23:50,0.23,0.807,20:40,0.282,00:10,7.598,96.35,0.0,,,,,1.5590000000000002,00:00,0.6559999999999999,22:00,,2019.0,8.427999999999999,14:00,,1.137,
2019,2,18,-11.115,-8.291,16:20,-13.939,06:30,0.191,0.8440000000000001,20:30,0.623,15:50,5.4670000000000005,92.36399999999999,0.0,,,,,0.6509999999999999,00:00,0.489,23:00,,2019.0,6.115,06:00,,0.546,
2019,2,19,-8.522,-5.56,16:50,-11.484000000000002,23:50,0.235,0.852,23:50,0.613,13:50,4.893,56.983999999999995,0.0,,,,,0.473,00:00,0.21899999999999997,14:00,,2019.0,4.626,12:30,,0.557,
2019,2,20,-5.496,2.147,14:30,-13.139000000000001,05:40,0.223,0.92,04:00,0.18100000000000002,15:50,11.565,69.813,0.0,,,,,0.226,00:00,-1.04,11:00,,2019.0,7.311,16:00,,1.198,
2019,2,21,-4.461,1.4140000000000001,14:50,-10.335,06:50,0.276,0.862,23:50,0.4,16:00,9.502,83.789,0.254,,,,,-0.098,01:00,-0.985,11:00,,2019.0,7.507000000000001,18:50,,1.087,
2019,2,22,-5.376,-3.792,21:50,-6.96,10:00,0.359,0.9670000000000001,04:30,0.789,21:50,1.758,61.486000000000004,0.0,,,,,0.047,20:00,-0.14400000000000002,00:00,,2019.0,5.194,01:10,,0.228,
2019,2,23,-0.835,6.343999999999999,12:40,-8.014,07:10,0.303,0.889,02:10,0.16899999999999998,12:50,11.23,86.639,0.508,,,,,0.08,23:00,-0.33399999999999996,12:00,,2019.0,12.25,19:30,,1.6059999999999999,
2019,2,24,2.057,9.549,13:10,-5.436,23:50,0.304,0.7290000000000001,23:50,0.132,13:20,11.296,117.10799999999999,0.0,,,,,0.354,23:00,0.07200000000000001,12:00,,2019.0,10.172,00:30,,2.215,
2019,2,25,0.91,10.76,15:10,-8.94,05:50,0.377,0.976,22:20,0.182,15:00,11.805,77.067,0.0,,,,,1.7309999999999999,20:00,0.29600000000000004,13:00,,2019.0,8.702,15:50,,1.7930000000000001,
2019,2,26,0.546,9.51,14:40,-8.417,00:20,0.408,0.968,00:40,0.319,15:00,10.147,52.29600000000001,0.0,,,,,4.166,20:00,0.7709999999999999,11:00,,2019.0,5.2139999999999995,21:50,,1.347,
2019,2,27,-5.434,-1.855,15:20,-9.013,06:30,0.314,0.9490000000000001,06:40,0.595,16:10,7.914,81.93,0.0,,,,,3.407,00:00,1.415,13:00,,2019.0,5.0569999999999995,13:20,,0.82,
2019,2,28,0.958,10.209,13:20,-8.293,06:50,0.391,0.877,06:20,0.321,13:20,7.3629999999999995,68.71300000000001,0.0,,,,,3.127,21:00,1.186,12:00,,2019.0,8.193,11:00,,1.446,
2019,3,1,3.8360000000000003,11.315999999999999,11:00,-3.6439999999999997,05:10,0.486,0.9640000000000001,22:50,0.247,12:00,8.511000000000001,106.531,0.0,,,,,4.317,20:00,1.431,10:00,,2019.0,8.644,10:10,,1.945,
2019,3,2,-9.381,-1.9480000000000002,00:00,-16.814,23:50,0.261,0.968,06:00,0.772,11:10,4.849,100.693,0.0,,,,,3.938,00:00,2.2880000000000003,23:00,,2019.0,7.388999999999999,09:20,,0.522,
2019,3,3,-17.259,-13.974,14:40,-20.543000000000003,23:40,0.11900000000000001,0.85,21:10,0.657,15:00,8.86,66.473,0.0,,,,,2.253,00:00,1.6909999999999998,23:00,,2019.0,4.92,11:00,,0.444,
2019,3,4,-14.075,-6.319,15:40,-21.83,06:20,0.142,0.853,00:50,0.532,15:40,13.329,45.933,4.064,,,,,1.6669999999999998,00:00,1.2009999999999998,23:00,,2019.0,4.802,11:30,,0.706,
2019,3,5,-9.756,-2.094,12:30,-17.418,06:40,0.184,0.838,06:00,0.426,12:30,12.56,44.75899999999999,6.858,,,,,1.185,00:00,0.875,23:00,,2019.0,4.822,14:30,,0.898,
2019,3,6,-0.159,5.379,14:10,-5.697,06:50,0.415,0.96,21:00,0.41700000000000004,11:30,7.67,54.888000000000005,0.508,,,,,0.872,00:00,0.8,14:00,,2019.0,5.7620000000000005,18:30,,1.13,
2019,3,7,0.28,4.117,16:50,-3.557,06:50,0.519,1.0,07:20,0.664,16:50,7.76,55.199,0.508,,,,,0.997,22:00,0.83,00:00,,2019.0,4.822,14:40,,0.976,
2019,3,8,1.555,7.858,14:20,-4.747,05:40,0.488,0.9540000000000001,00:40,0.475,11:50,6.9879999999999995,50.908,0.508,,,,,1.041,23:00,0.82,14:00,,2019.0,7.232,17:10,,1.146,
2019,3,9,5.547999999999999,10.554,14:20,0.5429999999999999,21:30,0.49700000000000005,0.929,02:10,0.16899999999999998,13:50,13.947000000000001,117.554,0.0,,,,,5.3629999999999995,19:00,1.013,09:00,,2019.0,17.777,06:30,,2.432,
2019,3,10,2.875,9.202,15:50,-3.452,06:20,0.442,0.828,23:50,0.35100000000000003,15:50,12.956,56.123000000000005,0.0,,,,,6.707999999999999,19:00,2.252,11:00,,2019.0,6.212999999999999,14:50,,1.682,
2019,3,11,3.6260000000000003,10.66,17:00,-3.408,06:00,0.51,0.898,06:00,0.39,12:30,9.105,42.898999999999994,0.0,,,,,5.882000000000001,19:00,2.8,12:00,,2019.0,6.4879999999999995,13:20,,1.4040000000000001,
2019,3,12,7.334,16.078,15:20,-1.41,05:30,0.585,0.857,05:40,0.28600000000000003,14:50,11.21,41.22,1.016,,,,,7.58,20:00,2.9160000000000004,10:00,,2019.0,4.606,13:00,,1.821,
2019,3,13,2.158,6.652,01:30,-2.336,12:00,0.555,1.0,09:10,0.557,23:00,1.278,85.704,14.732000000000001,,,,,7.16,00:00,3.3680000000000003,23:00,,2019.0,12.328,20:40,,0.531,
2019,3,14,-1.047,3.3489999999999998,12:40,-5.442,23:50,0.31,0.731,23:50,0.36700000000000005,12:10,12.583,134.797,11.937999999999999,,,,,3.2760000000000002,00:00,2.081,23:00,,2019.0,14.073,02:10,,1.827,
2019,3,15,-0.9420000000000001,6.612,15:40,-8.495,05:50,0.318,0.8140000000000001,01:00,0.302,14:10,15.013,48.629,0.254,,,,,2.359,20:00,1.504,15:00,,2019.0,4.822,15:50,,1.621,
2019,3,16,1.528,8.584,15:10,-5.527,05:40,0.426,0.9079999999999999,06:40,0.342,12:40,14.790999999999999,62.435,0.0,,,,,5.0889999999999995,19:00,1.517,12:00,,2019.0,7.917999999999999,15:40,,1.8159999999999998,
2019,3,17,4.437,12.630999999999998,14:30,-3.7560000000000002,06:20,0.46799999999999997,0.858,04:20,0.26,12:40,14.466,51.46,0.0,,,,,6.595,19:00,2.456,11:00,,2019.0,7.017,15:40,,2.013,
2019,3,18,3.946,9.703,13:50,-1.8119999999999998,06:30,0.485,0.8490000000000001,05:20,0.35100000000000003,18:00,12.294,63.66,0.0,,,,,7.18,19:00,3.588,10:00,,2019.0,6.507000000000001,22:30,,1.824,
2019,3,19,3.991,9.082,14:50,-1.1,06:30,0.336,0.6629999999999999,05:10,0.168,17:10,15.345,118.49799999999999,0.0,,,,,7.09,19:00,4.256,10:00,,2019.0,12.210999999999999,15:50,,2.661,
2019,3,20,4.995,16.148,15:20,-6.159,05:00,0.38299999999999995,0.7509999999999999,04:40,0.129,09:30,15.379000000000001,44.66,0.0,,,,,7.82,20:00,3.4760000000000004,11:00,,2019.0,6.428999999999999,14:10,,2.261,
2019,3,21,6.752999999999999,15.674000000000001,15:40,-2.167,05:50,0.491,0.8170000000000001,06:00,0.182,15:40,11.411,54.196999999999996,0.0,,,,,8.15,19:00,4.638999999999999,10:00,,2019.0,8.427999999999999,16:20,,2.142,
2019,3,22,8.283999999999999,13.600999999999999,13:50,2.968,05:30,0.735,0.934,17:50,0.41,14:20,8.208,80.158,3.556,,,,,8.34,19:00,5.641,10:00,,2019.0,8.113999999999999,15:50,,1.85,
2019,3,23,5.627999999999999,9.646,16:40,1.61,23:50,0.657,0.894,23:40,0.5479999999999999,16:00,2.835,86.954,0.0,,,,,7.6,00:00,6.312,11:00,,2019.0,6.625,20:40,,0.8959999999999999,
2019,3,24,5.952000000000001,14.167,14:40,-2.263,05:00,0.581,0.976,06:40,0.272,14:50,9.934,50.166000000000004,0.0,,,,,7.82,19:00,4.433,10:00,,2019.0,8.879,14:00,,1.839,
2019,3,25,9.615,15.818,16:30,3.412,05:00,0.633,0.929,05:20,0.131,14:50,15.99,78.64399999999999,0.0,,,,,10.59,19:00,6.303999999999999,09:00,,2019.0,11.505,12:20,,2.859,
2019,3,26,9.51,19.516,16:50,-0.49700000000000005,05:40,0.501,0.677,02:20,0.16899999999999998,16:50,12.443,47.288000000000004,0.0,,,,,10.47,20:00,6.625,10:00,,2019.0,4.861000000000001,16:10,,2.423,
2019,3,27,12.244000000000002,21.044,14:30,3.444,05:50,0.653,0.736,05:50,0.182,15:10,13.062999999999999,66.64399999999999,0.0,,,,,11.92,20:00,7.76,10:00,,2019.0,6.801,14:40,,2.887,
2019,3,28,9.424,16.362000000000002,14:50,2.4859999999999998,05:40,0.7979999999999999,0.985,23:50,0.36700000000000005,15:50,14.097999999999999,79.758,0.254,,,,,12.72,19:00,8.84,10:00,,2019.0,9.741,16:20,,2.524,
2019,3,29,2.4019999999999997,5.178,13:50,-0.374,23:50,0.655,1.0,21:50,0.805,14:00,2.509,75.419,5.334,,,,,11.79,00:00,8.3,23:00,,2019.0,9.192,23:20,,0.424,
2019,3,30,1.393,5.5729999999999995,17:20,-2.787,05:50,0.457,0.943,01:30,0.41100000000000003,15:40,8.621,45.673,5.08,,,,,8.36,19:00,6.12,10:00,,2019.0,6.723,00:10,,1.32,
2019,3,31,3.3089999999999997,10.418,16:20,-3.801,05:50,0.466,0.8959999999999999,05:50,0.309,15:20,16.761,45.31399999999999,0.0,,,,,9.4,19:00,5.007,10:00,,2019.0,5.664,14:00,,2.119,
2019,4,1,5.954,14.459000000000001,14:40,-2.551,05:10,0.473,0.853,05:10,0.163,15:30,14.005,76.089,0.0,,,,,9.33,19:00,5.93,10:00,,2019.0,11.446,15:20,,2.613,
2019,4,2,7.191,11.8,15:40,2.582,05:10,0.653,0.9009999999999999,05:50,0.387,17:10,9.23,67.134,0.0,,,,,9.98,19:00,7.32,10:00,,2019.0,6.017,00:40,,1.855,
2019,4,3,10.169,16.112000000000002,15:40,4.225,06:00,0.725,0.8420000000000001,23:40,0.326,17:00,12.212,68.786,0.254,,,,,11.6,19:00,8.11,09:00,,2019.0,7.212999999999999,18:40,,2.439,
2019,4,4,10.094,18.585,15:10,1.6019999999999999,06:00,0.736,0.951,05:00,0.24,15:20,12.946,50.428999999999995,0.0,,,,,12.41,20:00,8.36,09:00,,2019.0,6.409,12:50,,2.457,
2019,4,5,13.743,21.289,16:20,6.197,05:50,0.69,0.7170000000000001,06:10,0.162,15:40,13.712,70.811,0.0,,,,,13.73,20:00,9.89,09:00,,2019.0,8.291,14:20,,3.1660000000000004,
2019,4,6,12.372,21.013,12:50,3.7310000000000003,05:50,0.6579999999999999,0.711,05:50,0.205,10:40,11.592,57.115,0.0,,,,,13.98,19:00,10.33,09:00,,2019.0,8.31,13:50,,2.7039999999999997,
2019,4,7,12.309000000000001,22.156,15:40,2.463,06:00,0.562,0.6729999999999999,06:00,0.114,15:10,16.844,76.869,0.0,,,,,15.51,19:00,10.26,09:00,,2019.0,10.172,15:40,,3.6439999999999997,
2019,4,8,15.33,23.6,14:50,7.06,03:00,0.597,0.5329999999999999,03:00,0.153,14:50,15.168,68.525,0.0,,,,,16.69,19:00,11.76,09:00,,2019.0,9.78,04:00,,3.522,
2019,4,9,15.449000000000002,24.334,17:00,6.565,05:30,0.6409999999999999,0.638,05:30,0.09300000000000001,18:10,12.288,77.333,0.0,,,,,16.15,19:00,12.68,10:00,,2019.0,10.212,17:40,,3.535,
2019,4,10,3.699,13.190999999999999,00:10,-5.794,23:20,0.513,0.981,12:30,0.31,00:00,1.0959999999999999,126.412,6.35,,,,,15.13,00:00,8.41,23:00,,2019.0,11.210999999999999,17:50,,1.4569999999999999,
2019,4,11,-0.4,4.859,12:30,-5.659,02:10,0.40299999999999997,0.924,00:10,0.435,18:00,15.265999999999998,114.723,14.224,,,,,8.24,19:00,6.108,13:00,,2019.0,10.702,14:40,,1.982,
2019,4,12,0.782,4.758,16:30,-3.194,04:00,0.49,0.9279999999999999,23:50,0.589,18:00,10.023,96.294,0.0,,,,,8.05,20:00,5.143,10:00,,2019.0,7.605,12:40,,1.485,
2019,4,13,3.315,7.9079999999999995,16:00,-1.278,03:20,0.557,0.9620000000000001,03:40,0.47700000000000004,16:20,10.932,65.072,0.508,,,,,9.23,19:00,5.992000000000001,09:00,,2019.0,6.39,08:40,,1.705,
2019,4,14,8.52,18.132,15:00,-1.092,03:00,0.647,0.925,02:00,0.24100000000000002,15:00,12.765999999999998,52.282,0.254,,,,,10.42,19:00,5.7620000000000005,09:00,,2019.0,11.799000000000001,15:10,,2.4930000000000003,
2019,4,15,11.6,20.287,14:30,2.9130000000000003,05:10,0.71,0.8170000000000001,05:10,0.223,14:00,9.48,43.777,0.0,,,,,11.5,19:00,7.91,09:00,,2019.0,6.135,18:50,,2.283,
2019,4,16,10.6,17.535999999999998,13:30,3.665,05:30,0.867,0.915,03:10,0.442,14:40,13.542,52.841,0.0,,,,,13.27,19:00,8.6,09:00,,2019.0,6.017,10:40,,2.456,
2019,4,17,12.037,18.312,16:50,5.7620000000000005,03:30,0.721,0.7979999999999999,03:30,0.22899999999999998,18:40,15.293,84.367,0.508,,,,,14.66,19:00,9.88,09:00,,2019.0,9.78,22:00,,3.2710000000000004,
2019,4,18,11.450999999999999,18.582,15:30,4.32,04:20,0.6920000000000001,0.84,07:10,0.185,15:10,15.815999999999999,120.405,0.254,,,,,14.86,19:00,10.67,10:00,,2019.0,16.327,15:00,,3.779,
2019,4,19,12.991,23.57,16:10,2.412,05:40,0.732,0.773,05:30,0.205,14:50,18.922,67.60600000000001,0.0,,,,,17.15,19:00,10.52,09:00,,2019.0,7.938,14:10,,3.792,
2019,4,20,16.125999999999998,25.581999999999997,15:30,6.671,03:40,0.728,0.674,03:30,0.121,17:10,9.956,51.342,0.0,,,,,15.91,19:00,12.61,09:00,,2019.0,9.624,17:00,,2.925,
2019,4,21,14.06,20.311,10:10,7.809,23:20,0.98,0.9470000000000001,17:20,0.27399999999999997,09:10,8.679,78.767,7.112,,,,,15.64,15:00,13.68,09:00,,2019.0,8.663,11:50,,2.593,
2019,4,22,7.064,8.41,17:30,5.718999999999999,10:20,0.794,0.902,10:20,0.6759999999999999,17:10,3.9760000000000004,65.587,0.0,,,,,13.86,00:00,11.57,23:00,,2019.0,7.0360000000000005,00:40,,0.851,
2019,4,23,13.259,19.299,15:40,7.218999999999999,02:10,0.8859999999999999,0.804,00:20,0.361,17:00,18.554000000000002,62.083999999999996,0.0,,,,,16.55,19:00,10.44,08:00,,2019.0,6.233,09:30,,3.3680000000000003,
2019,4,24,13.686,22.541,15:40,4.83,05:20,0.861,0.862,05:30,0.23800000000000002,11:00,13.383,50.122,0.0,,,,,16.86,19:00,11.93,09:00,,2019.0,12.152000000000001,23:20,,2.923,
2019,4,25,13.524000000000001,18.83,16:10,8.218,02:20,0.7390000000000001,0.711,00:30,0.243,15:40,18.962,106.807,0.0,,,,,18.5,19:00,13.09,09:00,,2019.0,10.720999999999998,00:00,,4.046,
2019,4,26,14.618,24.721999999999998,15:10,4.513,04:40,0.8,0.765,05:00,0.198,15:10,15.905,99.993,0.254,,,,,18.3,18:00,13.4,09:00,,2019.0,14.915999999999999,16:30,,4.207,
2019,4,27,11.845999999999998,17.279,17:10,6.412999999999999,05:20,0.775,0.762,06:30,0.355,17:10,15.411,131.636,0.0,,,,,17.26,18:00,13.89,09:00,,2019.0,12.113,09:20,,3.5639999999999996,
2019,4,28,13.838,22.906999999999996,15:50,4.77,05:40,0.815,0.8270000000000001,05:30,0.205,14:50,11.954,93.67200000000001,0.0,,,,,16.73,19:00,13.02,09:00,,2019.0,16.405,12:10,,3.5210000000000004,
2019,4,29,2.053,5.824,00:20,-1.7180000000000002,12:20,0.513,0.9890000000000001,23:10,0.462,07:00,2.258,86.24,2.7939999999999996,,,,,15.31,00:00,9.49,23:00,,2019.0,8.663,00:50,,0.7290000000000001,
2019,4,30,0.9620000000000001,2.9019999999999997,17:00,-0.978,01:10,0.601,0.992,02:00,0.845,17:10,4.4,50.236999999999995,19.304000000000002,,,,,9.26,00:00,6.346,23:00,,2019.0,4.88,13:00,,0.596,
2019,5,1,5.752000000000001,10.842,12:40,0.6609999999999999,02:40,0.667,1.0,01:00,0.45299999999999996,12:40,10.015,73.328,3.302,,,,,9.59,19:00,5.739,08:00,,2019.0,6.096,15:20,,1.899,
2019,5,2,7.898,15.485999999999999,17:50,0.311,05:20,0.629,0.92,05:30,0.263,18:00,16.177,43.868,0.0,,,,,12.37,19:00,7.06,09:00,,2019.0,5.841,10:10,,2.6710000000000003,
2019,5,3,10.629000000000001,19.656,15:50,1.6019999999999999,04:10,0.632,0.8059999999999999,04:30,0.183,15:20,18.929000000000002,65.112,0.0,,,,,14.32,19:00,8.65,08:00,,2019.0,7.388999999999999,12:20,,3.568,
2019,5,4,13.433,22.976,16:30,3.89,05:30,0.628,0.715,03:10,0.102,16:20,17.886,65.492,0.0,,,,,15.59,19:00,10.28,08:00,,2019.0,7.33,12:10,,3.867,
2019,5,5,15.597999999999999,23.38,16:10,7.817,05:10,0.662,0.593,03:40,0.156,16:50,15.222999999999999,70.67,0.0,,,,,16.45,19:00,11.83,08:00,,2019.0,9.584,18:00,,3.764,
2019,5,6,13.808,19.398,17:00,8.218,23:50,1.028,0.975,23:50,0.32799999999999996,17:00,8.321,99.47,11.937999999999999,,,,,15.67,19:00,13.75,09:00,,2019.0,11.309000000000001,18:40,,2.5989999999999998,
2019,5,7,8.052,10.133,21:00,5.97,05:40,1.01,1.0,01:20,0.875,14:50,3.9130000000000003,84.786,2.286,,,,,14.31,00:00,12.13,12:00,,2019.0,7.0360000000000005,17:20,,0.6759999999999999,
2019,5,8,5.587000000000001,9.001,13:20,2.1719999999999997,23:20,0.6990000000000001,1.0,00:30,0.54,13:20,7.058,123.305,1.524,,,,,12.31,00:00,10.82,23:00,,2019.0,11.564,13:00,,1.558,
2019,5,9,2.9339999999999997,5.222,12:20,0.645,05:00,0.672,0.998,05:10,0.7829999999999999,12:30,5.474,49.048,14.478,,,,,10.58,00:00,8.39,09:00,,2019.0,6.546,13:40,,0.823,
2019,5,10,7.615,12.431,16:10,2.798,00:00,0.772,0.982,00:00,0.496,16:10,12.305,51.619,0.0,,,,,11.67,20:00,7.62,08:00,,2019.0,5.1739999999999995,11:50,,2.119,
2019,5,11,9.104,18.168,11:10,0.04,05:00,0.6990000000000001,0.963,04:00,0.247,11:10,15.344000000000001,69.78399999999999,1.27,,,,,12.87,19:00,8.34,08:00,,2019.0,9.82,12:40,,3.074,
2019,5,12,13.366,24.78,15:00,1.952,04:30,0.873,0.981,04:40,0.158,15:10,19.96,65.726,0.254,,,,,15.27,19:00,9.31,08:00,,2019.0,10.995999999999999,11:00,,4.135,
2019,5,13,16.434,26.391,11:10,6.477,05:00,0.909,0.823,05:00,0.15,13:20,15.925,63.045,0.0,,,,,16.54,18:00,11.91,08:00,,2019.0,10.702,19:00,,3.8760000000000003,
2019,5,14,17.219,27.230999999999998,10:40,7.207000000000001,04:50,0.9690000000000001,0.838,02:50,0.149,11:20,13.034,49.297,1.27,,,,,16.59,19:00,12.94,08:00,,2019.0,7.899,13:20,,3.352,
2019,5,15,17.453,27.455,13:00,7.4510000000000005,05:00,1.0490000000000002,0.8859999999999999,04:30,0.166,15:10,15.193,43.192,0.0,,,,,17.71,19:00,13.15,08:00,,2019.0,5.841,14:50,,3.4789999999999996,
2019,5,16,18.84,26.758000000000003,15:20,10.922,04:40,1.0090000000000001,0.759,04:40,0.16899999999999998,15:10,9.933,37.909,0.0,,,,,17.55,18:00,14.74,09:00,,2019.0,7.33,16:30,,2.7760000000000002,
2019,5,17,13.831,19.972,11:10,7.69,23:50,1.1320000000000001,0.867,23:50,0.565,17:30,5.702999999999999,66.72,2.7939999999999996,,,,,16.57,00:00,14.19,23:00,,2019.0,9.78,13:40,,1.599,
2019,5,18,10.457,17.113,12:20,3.8,03:20,0.755,0.9590000000000001,03:30,0.235,12:20,10.979000000000001,65.148,0.0,,,,,14.36,19:00,11.91,08:00,,2019.0,9.976,17:50,,2.595,
2019,5,19,6.479,10.103,15:40,2.8560000000000003,05:10,0.743,0.9620000000000001,23:40,0.5760000000000001,14:00,6.107,61.788000000000004,8.128,,,,,13.35,00:00,11.45,11:00,,2019.0,5.625,21:10,,1.2329999999999999,
2019,5,20,2.6860000000000004,4.815,13:40,0.557,23:50,0.688,0.995,23:50,0.861,13:30,3.764,67.191,7.62,,,,,11.97,00:00,9.68,23:00,,2019.0,5.272,07:20,,0.5479999999999999,
2019,5,21,3.9219999999999997,7.371,16:00,0.473,01:50,0.64,1.0,01:50,0.5820000000000001,15:10,9.415,70.569,15.494000000000002,,,,,9.47,19:00,7.41,11:00,,2019.0,10.055,18:10,,1.605,
2019,5,22,6.614,11.767999999999999,12:50,1.459,05:00,0.627,0.889,04:50,0.396,12:40,9.76,50.325,0.0,,,,,10.57,20:00,7.88,08:00,,2019.0,5.841,14:00,,1.9340000000000002,
2019,5,23,5.209,6.5360000000000005,14:20,3.8810000000000002,23:50,0.7559999999999999,0.971,22:50,0.738,14:40,2.845,82.145,1.27,,,,,10.16,00:00,9.09,23:00,,2019.0,6.84,11:30,,0.5870000000000001,
2019,5,24,12.437000000000001,21.747,15:50,3.1260000000000003,05:00,0.8240000000000001,0.9840000000000001,01:40,0.158,15:40,21.084,62.56399999999999,0.0,,,,,14.0,19:00,8.01,08:00,,2019.0,11.015,16:20,,4.022,
2019,5,25,13.189,22.519000000000002,16:50,3.859,04:50,0.823,0.8290000000000001,05:00,0.257,14:30,20.256,101.537,0.0,,,,,15.01,19:00,10.72,08:00,,2019.0,10.564,14:00,,4.459,
2019,5,26,17.438,23.296999999999997,15:20,11.579,23:50,1.274,0.9390000000000001,04:30,0.34,16:50,16.222,68.05,0.0,,,,,17.35,19:00,13.52,08:00,,2019.0,9.702,17:10,,3.6210000000000004,
2019,5,27,13.970999999999998,20.163,16:30,7.779,04:40,0.9570000000000001,0.9390000000000001,04:40,0.262,16:30,10.629000000000001,63.678999999999995,0.0,,,,,16.37,00:00,14.16,10:00,,2019.0,8.526,18:10,,2.7510000000000003,
2019,5,28,9.855,13.946,11:50,5.765,06:00,0.894,0.981,06:30,0.49,13:00,12.69,77.622,10.922,,,,,15.18,18:00,13.34,10:00,,2019.0,9.565,11:40,,2.45,
2019,5,29,11.050999999999998,17.445999999999998,14:30,4.656000000000001,04:50,0.8079999999999999,0.9620000000000001,03:20,0.267,14:50,18.149,52.788000000000004,0.254,,,,,15.81,20:00,12.67,09:00,,2019.0,7.33,13:40,,3.259,
2019,5,30,12.587,20.951,15:30,4.2219999999999995,05:00,0.818,0.8809999999999999,05:00,0.24100000000000002,16:30,21.447,52.288000000000004,0.0,,,,,17.16,19:00,12.66,09:00,,2019.0,6.428999999999999,14:40,,3.873,
2019,5,31,15.364,24.171,13:10,6.558,04:50,0.9570000000000001,0.863,05:00,0.23399999999999999,13:40,14.334000000000001,48.394,1.27,,,,,16.81,17:00,13.77,08:00,,2019.0,7.566,14:10,,3.266,
2019,6,1,15.911,23.615,16:10,8.206,04:40,1.195,0.9420000000000001,23:40,0.38,16:00,17.723,50.674,0.762,,,,,17.77,19:00,14.0,08:00,,2019.0,6.821000000000001,11:10,,3.57,
2019,6,2,17.6,25.750999999999998,14:20,9.449,05:00,1.311,0.9490000000000001,03:40,0.353,16:20,15.253,46.727,0.0,,,,,18.47,18:00,15.26,09:00,,2019.0,10.485999999999999,16:10,,3.3689999999999998,
2019,6,3,17.848,26.342,12:10,9.354,04:10,1.239,0.9109999999999999,23:50,0.301,13:40,14.270999999999999,49.233000000000004,1.778,,,,,18.32,17:00,15.36,08:00,,2019.0,7.017,14:50,,3.361,
2019,6,4,18.24,28.053,13:40,8.427,04:40,1.198,0.9540000000000001,01:50,0.19,13:40,17.768,40.906,0.0,,,,,18.95,19:00,15.43,08:00,,2019.0,6.292000000000001,16:20,,3.8369999999999997,
2019,6,5,17.777,25.959,16:00,9.596,05:00,1.28,0.9740000000000001,19:00,0.284,16:00,17.820999999999998,50.31,19.05,19.31,20:00,18.06,23:00,19.6,19:00,16.06,09:00,,2019.0,9.251,17:50,,3.818,
2019,6,6,18.845,27.838,16:10,9.852,05:00,1.34,0.9890000000000001,05:20,0.243,17:20,20.794,60.571000000000005,0.254,22.56,16:00,15.29,07:00,20.06,19:00,16.3,09:00,,2019.0,6.702999999999999,11:50,,4.51,
2019,6,7,20.925,30.086,13:40,11.764000000000001,04:50,1.315,0.845,03:30,0.218,14:50,18.324,56.614,0.0,24.24,15:00,16.22,07:00,20.92,19:00,17.13,09:00,,2019.0,12.877,14:10,,4.371,
2019,6,8,18.39,27.936,12:20,8.844,23:50,1.2109999999999999,0.9059999999999999,17:50,0.24,12:00,14.915999999999999,74.462,2.7939999999999996,24.62,15:00,16.54,07:00,20.86,17:00,17.4,09:00,,2019.0,10.447000000000001,23:40,,4.006,
2019,6,9,13.504000000000001,18.507,15:50,8.5,00:40,0.818,0.7559999999999999,23:50,0.301,15:50,21.191,68.608,0.0,23.84,16:00,15.17,07:00,20.32,19:00,16.52,09:00,,2019.0,7.605,00:00,,3.987,
2019,6,10,15.443,25.151999999999997,16:40,5.735,04:40,0.9329999999999999,0.857,04:10,0.20800000000000002,16:40,21.843000000000004,47.044,0.0,25.17,16:00,13.86,07:00,20.93,19:00,15.82,09:00,,2019.0,7.1739999999999995,11:50,,4.218999999999999,
2019,6,11,17.137,24.712,09:40,9.562000000000001,04:50,0.895,0.6990000000000001,20:10,0.217,10:00,12.275,50.44,0.254,21.85,15:00,15.56,07:00,19.84,00:00,17.01,09:00,,2019.0,8.585,13:20,,3.198,
2019,6,12,17.654,24.104,15:40,11.205,05:10,1.175,0.86,05:20,0.304,15:10,21.131,61.732,0.0,26.51,16:00,15.8,07:00,21.8,19:00,16.88,09:00,,2019.0,6.782,16:10,,4.327,
2019,6,13,19.823,29.962,13:40,9.684,04:20,1.215,0.851,04:30,0.2,14:20,17.527,61.028999999999996,0.0,27.05,15:00,16.37,07:00,22.37,18:00,17.71,09:00,,2019.0,8.722000000000001,20:00,,4.341,
2019,6,14,21.344,27.671,12:40,15.017000000000001,03:00,1.23,0.718,03:10,0.251,14:20,12.802,56.647,0.0,26.23,15:00,18.62,06:00,22.39,18:00,19.2,09:00,,2019.0,10.78,21:00,,3.545,
2019,6,15,18.736,25.357,12:00,12.115,04:10,1.202,0.812,04:20,0.3,11:50,17.275,46.275,0.0,27.3,15:00,17.88,07:00,23.28,19:00,18.96,09:00,,2019.0,7.1739999999999995,18:20,,3.748,
2019,6,16,17.691,23.669,15:10,11.712,03:00,1.375,0.932,23:50,0.42700000000000005,15:10,10.577,40.847,1.778,22.87,13:00,18.92,06:00,22.19,00:00,19.66,09:00,,2019.0,5.428999999999999,19:40,,2.57,
2019,6,17,17.648,22.313000000000002,16:00,12.984000000000002,22:00,1.4780000000000002,0.988,22:40,0.47600000000000003,16:00,10.187999999999999,44.691,5.08,22.15,17:00,18.16,07:00,20.58,00:00,18.87,09:00,,2019.0,5.096,20:30,,2.4530000000000003,
2019,6,18,14.909,19.045,13:20,10.772,23:40,1.35,0.991,23:50,0.602,13:50,8.355,32.266,9.144,21.12,15:00,17.33,06:00,19.86,00:00,18.23,08:00,,2019.0,8.291,14:10,,1.8119999999999998,
2019,6,19,19.698,28.613000000000003,14:30,10.782,00:10,1.375,0.997,02:00,0.201,14:20,17.15,54.608999999999995,0.0,24.6,16:00,15.66,07:00,21.31,19:00,16.86,08:00,,2019.0,8.35,15:50,,4.053,
2019,6,20,19.215,26.581999999999997,15:00,11.847000000000001,04:50,1.439,0.9690000000000001,16:30,0.32299999999999995,14:30,15.7,88.652,5.587999999999999,25.38,14:00,16.55,07:00,21.61,17:00,17.94,09:00,,2019.0,9.232000000000001,16:00,,4.048,
2019,6,21,12.515999999999998,15.32,00:40,9.712,23:10,1.1179999999999999,0.9670000000000001,23:50,0.573,00:50,3.18,49.828,11.175999999999998,19.0,00:00,15.25,23:00,20.0,00:00,16.67,23:00,,2019.0,5.645,03:20,,0.8390000000000001,
2019,6,22,12.052,17.015,14:00,7.09,04:30,1.0979999999999999,0.986,06:30,0.574,14:00,9.265,41.06,16.002,19.6,15:00,13.25,07:00,17.31,18:00,14.69,11:00,,2019.0,9.584,17:00,,1.9409999999999998,
2019,6,23,13.21,20.027,17:00,6.394,04:40,1.033,0.993,04:50,0.368,17:00,16.842,53.9,1.016,19.97,17:00,12.51,07:00,18.04,20:00,14.18,08:00,,2019.0,11.917,19:30,,3.255,
2019,6,24,17.322,27.385,15:30,7.257999999999999,04:40,1.087,0.9329999999999999,04:50,0.16699999999999998,16:00,19.851,67.12,0.0,22.32,17:00,13.68,07:00,19.8,19:00,15.01,08:00,,2019.0,10.505999999999998,11:50,,4.5280000000000005,
2019,6,25,20.203,28.866999999999997,13:50,11.54,05:10,1.124,0.745,05:00,0.205,16:30,15.45,69.366,0.0,22.88,15:00,15.82,07:00,20.41,19:00,16.78,09:00,,2019.0,7.977,16:00,,4.196000000000001,
2019,6,26,21.258000000000003,32.043,14:20,10.472000000000001,05:00,1.181,0.812,05:00,0.12300000000000001,14:10,17.403,34.09,0.0,24.43,16:00,15.79,07:00,21.58,20:00,16.92,09:00,,2019.0,5.41,15:40,,3.957,
2019,6,27,22.239,32.510999999999996,17:30,11.967,04:20,1.207,0.7390000000000001,02:10,0.162,17:20,14.965,40.873000000000005,0.0,23.74,17:00,16.78,06:00,21.12,20:00,17.89,09:00,,2019.0,5.606,15:10,,3.8289999999999997,
2019,6,28,23.866,34.888000000000005,15:10,12.844000000000001,04:30,1.266,0.762,04:20,0.09300000000000001,14:30,21.368000000000002,74.396,0.0,28.22,16:00,17.05,07:00,23.8,19:00,18.18,08:00,,2019.0,10.113999999999999,21:40,,5.669,
2019,6,29,26.975,34.115,14:20,19.835,06:10,1.298,0.5539999999999999,23:50,0.175,15:00,17.697,62.063,0.0,28.64,16:00,19.98,07:00,24.76,19:00,20.52,09:00,,2019.0,9.78,19:50,,4.878,
2019,6,30,24.651,34.04,12:20,15.261,05:00,1.545,0.779,05:00,0.217,11:30,13.787,41.068999999999996,0.0,30.14,14:00,20.09,07:00,24.96,17:00,21.04,09:00,,2019.0,7.33,13:00,,3.727,
2019,7,1,22.77,28.999000000000002,14:30,16.54,23:50,1.6059999999999999,0.81,23:40,0.349,14:40,14.966,60.94,0.254,30.23,15:00,21.03,07:00,25.6,18:00,21.54,09:00,,2019.0,7.624,15:50,,3.8560000000000003,
2019,7,2,22.014,29.811,15:40,14.217,04:40,1.599,0.9079999999999999,05:00,0.301,17:20,18.953,77.4,0.0,28.97,17:00,19.84,07:00,25.11,20:00,21.14,09:00,,2019.0,8.427999999999999,14:50,,4.684,
2019,7,3,23.874000000000002,32.766999999999996,16:20,14.981,04:30,1.5090000000000001,0.8490000000000001,04:40,0.17,16:50,20.358,56.343,0.0,32.53,16:00,20.56,07:00,27.2,19:00,21.59,09:00,,2019.0,6.37,14:00,,4.9,
2019,7,4,21.633000000000003,27.266,16:30,16.0,23:00,1.9180000000000001,0.9740000000000001,21:00,0.509,14:20,12.741,58.75899999999999,4.064,27.53,17:00,21.71,07:00,25.93,00:00,22.5,11:00,,2019.0,10.505999999999998,19:20,,3.148,
2019,7,5,20.368,26.156999999999996,17:30,14.579,05:00,1.79,0.995,22:10,0.501,17:10,18.305,75.03,9.398,28.51,16:00,19.72,07:00,24.71,18:00,21.15,09:00,,2019.0,13.779000000000002,20:40,,4.016,
2019,7,6,20.122,26.436,16:40,13.808,03:50,1.704,0.987,04:40,0.45899999999999996,15:30,13.212,62.312,0.0,24.84,17:00,19.09,07:00,23.41,00:00,20.47,10:00,,2019.0,6.978,12:10,,3.2289999999999996,
2019,7,7,22.491,30.06,14:10,14.922,05:30,1.555,0.86,04:30,0.282,18:00,17.680999999999997,64.457,0.0,29.58,16:00,19.14,07:00,25.15,19:00,20.29,09:00,,2019.0,8.154,19:20,,4.378,
2019,7,8,21.703000000000003,28.184,12:00,15.222999999999999,05:10,1.624,0.914,13:10,0.337,12:10,14.834000000000001,43.974,8.128,28.14,13:00,20.88,07:00,24.39,18:00,21.79,09:00,,2019.0,8.526,12:50,,3.51,
2019,7,9,22.384,32.580999999999996,17:10,12.187000000000001,04:50,1.329,0.84,04:50,0.142,19:00,21.818,62.013000000000005,0.0,29.45,17:00,18.0,07:00,25.21,20:00,19.98,09:00,,2019.0,8.31,19:40,,5.167000000000001,
2019,7,10,21.311,28.533,17:10,14.089,05:00,1.3519999999999999,0.7929999999999999,03:10,0.27399999999999997,16:20,21.107,81.34899999999999,0.0,30.46,16:00,19.63,07:00,26.12,19:00,21.1,09:00,,2019.0,7.468,13:40,,5.003,
2019,7,11,24.761999999999997,35.528,15:30,13.995999999999999,05:00,1.517,0.8220000000000001,05:00,0.15,16:10,19.922,40.524,0.0,33.08,16:00,20.56,07:00,27.81,19:00,21.95,09:00,,2019.0,5.9,21:20,,4.648,
2019,7,12,23.956999999999997,32.15,17:00,15.764000000000001,05:00,1.3419999999999999,0.726,04:50,0.17600000000000002,17:20,11.843,54.968999999999994,0.0,28.32,12:00,22.28,07:00,26.67,00:00,23.47,09:00,,2019.0,11.799000000000001,17:40,,3.688,
2019,7,13,23.364,32.78,15:10,13.949000000000002,04:40,1.51,0.789,04:00,0.262,15:20,14.530999999999999,57.925,0.0,29.65,17:00,20.63,07:00,26.49,20:00,22.17,09:00,,2019.0,12.76,20:30,,4.024,
2019,7,14,25.183000000000003,33.848,11:40,16.519000000000002,05:10,1.565,0.745,04:20,0.231,11:40,14.398,58.868,1.016,31.21,13:00,22.28,07:00,26.97,19:00,23.28,09:00,,2019.0,12.681,20:20,,4.149,
2019,7,15,23.936,32.079,10:30,15.792,05:30,1.6340000000000001,0.845,05:30,0.254,10:30,11.552999999999999,52.611000000000004,0.0,28.07,14:00,21.32,07:00,25.74,00:00,22.83,09:00,,2019.0,9.212,10:50,,3.452,
2019,7,16,23.733,32.255,14:50,15.210999999999999,05:10,1.6880000000000002,0.861,05:20,0.28800000000000003,14:30,15.493,41.025,0.254,30.44,16:00,20.54,07:00,26.41,19:00,22.01,09:00,,2019.0,6.88,16:30,,3.79,
2019,7,17,24.523000000000003,33.976,13:40,15.069,04:40,1.5819999999999999,0.838,01:20,0.19,10:50,15.784,50.625,0.0,31.08,15:00,21.08,07:00,27.32,19:00,22.54,09:00,,2019.0,6.625,12:10,,4.177,
2019,7,18,25.733,36.571,14:50,14.895999999999999,05:20,1.327,0.6940000000000001,00:10,0.10800000000000001,12:50,20.706,48.129,0.0,35.23,17:00,21.39,07:00,29.5,20:00,23.03,09:00,,2019.0,6.684,11:20,,4.994,
2019,7,19,25.462,36.493,16:00,14.431,05:00,1.242,0.6609999999999999,03:30,0.10099999999999999,14:50,21.049,53.778999999999996,0.0,36.47,17:00,22.58,07:00,30.66,19:00,24.23,09:00,,2019.0,6.566,13:50,,5.175,
2019,7,20,23.42,29.936999999999998,12:10,16.903,23:50,1.682,0.861,18:00,0.305,07:30,12.684000000000001,72.307,2.286,31.33,14:00,23.83,07:00,29.15,00:00,25.28,09:00,,2019.0,14.837,19:50,,3.73,
2019,7,21,21.136999999999997,27.531999999999996,13:10,14.741,05:30,1.785,0.956,22:30,0.467,13:10,13.245999999999999,46.871,2.54,29.29,14:00,20.65,07:00,25.82,17:00,22.55,09:00,,2019.0,5.704,19:00,,3.133,
2019,7,22,22.314,27.163,16:20,17.465,05:40,1.7369999999999999,0.917,04:20,0.371,16:00,12.994000000000002,53.306000000000004,0.0,28.66,15:00,21.85,08:00,25.61,19:00,22.73,10:00,,2019.0,5.625,15:40,,3.2769999999999997,
2019,7,23,23.186,31.359,18:00,15.012,05:10,1.7480000000000002,0.938,04:30,0.292,17:20,19.344,37.658,0.0,32.28,17:00,20.16,07:00,27.37,19:00,21.9,09:00,,2019.0,5.194,14:50,,4.211,
2019,7,24,24.413,33.973,14:10,14.853,05:10,1.764,0.958,16:00,0.195,13:20,15.924000000000001,56.718,7.112,33.46,15:00,21.14,07:00,27.86,17:00,22.85,09:00,,2019.0,7.585,17:30,,4.255,
2019,7,25,23.919,29.986,16:30,17.851,23:50,1.6569999999999998,0.809,23:50,0.307,16:20,10.132,57.008,0.0,26.6,18:00,22.05,07:00,25.56,00:00,23.16,09:00,,2019.0,7.017,13:40,,3.156,
2019,7,26,22.739,31.252,10:40,14.227,05:10,1.6019999999999999,0.927,04:10,0.23199999999999998,12:10,10.094,37.579,0.0,26.21,12:00,18.99,07:00,24.13,19:00,21.12,09:00,,2019.0,6.037000000000001,10:50,,2.8960000000000004,
2019,7,27,23.808000000000003,29.471,12:30,18.144000000000002,03:40,1.642,0.775,15:20,0.33799999999999997,12:30,10.068999999999999,38.868,0.508,26.37,14:00,20.44,07:00,23.86,19:00,21.48,10:00,,2019.0,6.233,14:20,,2.8310000000000004,
2019,7,28,24.904,33.04,14:10,16.767,03:40,1.645,0.8759999999999999,03:50,0.168,16:30,18.916,57.007,0.0,32.0,16:00,19.76,07:00,27.1,19:00,21.26,09:00,,2019.0,7.428,13:10,,4.6530000000000005,
2019,7,29,23.916,33.03,16:20,14.802,04:50,1.374,0.784,23:50,0.142,16:50,20.266,51.608000000000004,0.0,34.23,17:00,20.67,07:00,28.74,19:00,22.42,09:00,,2019.0,9.055,19:30,,4.717,
2019,7,30,24.473000000000003,33.676,15:20,15.27,05:10,1.694,0.899,05:10,0.204,15:40,14.155999999999999,74.543,0.0,30.33,16:00,21.82,07:00,27.38,00:00,23.52,10:00,,2019.0,11.485999999999999,18:30,,4.321000000000001,
2019,7,31,24.416999999999998,32.696,14:40,16.137999999999998,04:40,1.6130000000000002,0.769,03:00,0.285,17:30,15.642000000000001,52.748999999999995,0.254,32.56,16:00,21.16,07:00,28.0,19:00,22.84,09:00,,2019.0,10.642999999999999,21:30,,4.018,
2019,8,1,22.413,28.023000000000003,12:10,16.802,04:50,1.685,0.862,23:50,0.381,12:20,10.879000000000001,39.454,0.762,27.11,16:00,22.37,08:00,26.8,00:00,23.65,10:00,,2019.0,10.094,19:40,,2.815,
2019,8,2,24.611,33.092,13:10,16.13,05:30,1.825,0.9570000000000001,05:40,0.223,13:00,16.516,46.952,0.0,32.84,15:00,20.69,07:00,27.66,18:00,22.31,09:00,,2019.0,7.546,14:00,,4.046,
2019,8,3,24.785,33.961999999999996,14:40,15.607999999999999,04:50,1.5419999999999998,0.825,05:30,0.161,15:50,18.682000000000002,50.02,0.0,33.06,16:00,21.19,07:00,28.28,19:00,23.04,09:00,,2019.0,8.31,18:00,,4.497,
2019,8,4,25.057,32.985,15:50,17.129,04:50,1.693,0.794,05:10,0.271,16:00,12.519,43.378,0.0,30.96,17:00,22.57,07:00,27.73,19:00,24.01,09:00,,2019.0,7.566,21:20,,3.412,
2019,8,5,24.941,31.568,12:00,18.313,05:30,1.675,0.8059999999999999,01:00,0.255,13:00,15.761,62.013999999999996,0.508,32.35,16:00,23.41,07:00,28.52,19:00,24.42,09:00,,2019.0,8.056000000000001,00:40,,4.14,
2019,8,6,25.338,35.554,15:00,15.123,05:10,1.7380000000000002,0.897,05:10,0.177,14:50,17.698,43.092,0.0,32.74,16:00,21.84,07:00,28.49,19:00,23.75,09:00,,2019.0,6.233,15:50,,4.268,
2019,8,7,22.905,29.025,13:50,16.785999999999998,05:00,1.641,0.779,03:20,0.396,14:10,10.367,43.315,0.508,29.65,15:00,22.51,07:00,27.14,00:00,24.08,09:00,,2019.0,6.331,15:30,,2.8280000000000003,
2019,8,8,23.393,28.531,15:40,18.256,01:10,1.913,0.907,23:50,0.42200000000000004,15:40,11.732999999999999,52.06399999999999,0.0,29.29,18:00,22.39,07:00,26.6,19:00,23.44,09:00,,2019.0,7.84,17:20,,3.049,
2019,8,9,25.459,34.2,14:20,16.719,05:30,1.901,0.9490000000000001,06:00,0.218,14:50,16.819000000000003,71.578,0.254,34.17,16:00,22.23,07:00,28.98,19:00,23.49,09:00,,2019.0,6.957999999999999,11:10,,4.575,
2019,8,10,23.101999999999997,28.456,17:30,17.748,09:10,1.6569999999999998,0.858,09:20,0.314,16:40,6.7,32.088,3.81,26.64,00:00,22.27,23:00,27.41,00:00,23.65,14:00,,2019.0,6.135,10:20,,1.972,
2019,8,11,21.836,27.543000000000003,15:10,16.129,04:30,1.516,0.853,06:00,0.306,15:10,10.187999999999999,37.303000000000004,0.0,25.94,14:00,19.55,07:00,23.94,19:00,21.31,09:00,,2019.0,7.252000000000001,14:30,,2.682,
2019,8,12,22.714000000000002,31.945999999999998,15:20,13.482000000000001,04:00,1.521,0.945,03:00,0.156,10:20,17.774,56.248000000000005,0.0,31.4,16:00,17.97,07:00,26.49,19:00,20.28,09:00,,2019.0,6.702999999999999,13:40,,4.268,
2019,8,13,21.349,29.98,15:00,12.717,05:30,1.304,0.7759999999999999,22:30,0.25,12:10,18.684,72.184,0.0,31.0,17:00,19.33,07:00,26.75,19:00,21.64,09:00,,2019.0,8.408,21:40,,4.484,
2019,8,14,22.896,31.191,16:20,14.602,05:00,1.673,0.948,05:10,0.25,16:20,15.915,47.678000000000004,0.0,31.5,17:00,21.13,07:00,27.55,19:00,22.68,09:00,,2019.0,8.31,18:30,,3.76,
2019,8,15,23.366999999999997,33.064,16:20,13.67,05:10,1.557,0.968,05:30,0.115,17:00,16.570999999999998,64.414,0.0,30.3,15:00,20.49,07:00,26.67,19:00,22.63,09:00,,2019.0,8.722000000000001,16:50,,4.367,
2019,8,16,21.311,28.063000000000002,17:50,14.558,04:20,1.405,0.899,03:20,0.209,18:30,15.072000000000001,54.053999999999995,0.0,31.65,16:00,20.67,07:00,27.19,19:00,22.35,10:00,,2019.0,11.878,19:20,,3.6039999999999996,
2019,8,17,21.729,30.320999999999998,12:00,13.137,05:10,1.253,0.799,05:10,0.16399999999999998,17:10,8.756,70.222,0.0,24.95,00:00,19.86,07:00,25.95,00:00,22.15,10:00,,2019.0,13.838,12:50,,3.362,
2019,8,18,21.435,29.12,17:30,13.75,03:10,1.5630000000000002,0.87,04:40,0.354,17:30,14.58,74.204,0.0,29.38,17:00,18.69,05:00,25.21,20:00,20.43,10:00,,2019.0,6.35,16:50,,3.745,
2019,8,19,24.403000000000002,35.282,14:10,13.524000000000001,03:40,1.386,0.8029999999999999,00:10,0.10300000000000001,13:50,16.787,39.659,0.0,32.57,15:00,19.08,07:00,27.44,19:00,21.12,09:00,,2019.0,6.1739999999999995,13:30,,3.945,
2019,8,20,26.491,36.849000000000004,14:20,16.134,05:10,1.507,0.774,23:20,0.09699999999999999,11:30,16.442,51.589,0.0,31.62,16:00,21.01,07:00,27.24,19:00,22.75,09:00,,2019.0,8.722000000000001,12:00,,4.31,
2019,8,21,22.666999999999998,26.982,12:50,18.352,03:50,1.6969999999999998,0.7829999999999999,23:40,0.45,13:20,11.612,73.97399999999999,0.0,31.23,15:00,22.87,08:00,27.08,17:00,23.64,10:00,,2019.0,8.585,17:00,,3.187,
2019,8,22,23.647,30.695,16:40,16.599,06:30,1.492,0.8370000000000001,05:50,0.184,13:30,13.599,77.969,0.0,30.58,16:00,22.94,07:00,27.4,19:00,23.75,09:00,,2019.0,11.956,13:40,,4.012,
2019,8,23,22.986,30.026999999999997,14:50,15.944,05:50,1.361,0.774,23:50,0.195,17:10,12.002,58.57,0.0,30.73,16:00,22.04,07:00,26.84,19:00,23.42,09:00,,2019.0,12.975,16:20,,3.4330000000000003,
2019,8,24,22.84,31.844,14:20,13.835,05:40,1.4809999999999999,0.92,06:00,0.145,14:20,16.127,58.258,0.0,32.54,16:00,21.52,07:00,28.0,19:00,23.05,09:00,,2019.0,5.507999999999999,14:30,,4.006,
2019,8,25,24.845,35.438,15:10,14.252,05:40,1.351,0.7340000000000001,01:00,0.127,12:40,16.194000000000003,55.525,0.0,33.29,16:00,21.44,07:00,28.63,19:00,23.21,09:00,,2019.0,8.761000000000001,13:00,,4.225,
2019,8,26,20.021,25.798000000000002,00:10,14.244000000000002,05:40,1.057,0.6940000000000001,05:40,0.209,00:10,16.861,64.758,0.0,32.73,16:00,22.34,07:00,28.47,19:00,23.99,09:00,,2019.0,10.016,01:40,,3.8280000000000003,
2019,8,27,18.477,23.919,15:30,13.036,01:50,1.126,0.748,01:30,0.311,16:20,16.583,61.684,0.0,32.69,16:00,22.42,07:00,28.25,19:00,23.68,10:00,,2019.0,5.723,11:40,,3.517,
2019,8,28,21.389,32.876999999999995,16:40,9.902000000000001,05:50,1.285,0.9059999999999999,04:20,0.10300000000000001,16:30,17.991,41.45399999999999,0.0,33.41,16:00,20.53,07:00,28.56,19:00,22.86,09:00,,2019.0,5.997999999999999,12:20,,3.85,
2019,8,29,22.209,32.482,12:10,11.937000000000001,05:00,0.988,0.639,05:00,0.099,12:20,15.209000000000001,54.527,0.0,29.63,17:00,20.11,07:00,26.78,00:00,22.68,09:00,,2019.0,8.113999999999999,14:30,,3.887,
2019,8,30,21.284000000000002,28.268,17:10,14.299000000000001,04:00,1.53,0.8270000000000001,03:10,0.382,18:50,13.231,49.504,0.0,30.27,17:00,20.9,08:00,26.51,19:00,22.42,10:00,,2019.0,5.331,13:50,,3.0989999999999998,
2019,8,31,23.1,31.011999999999997,14:50,15.187999999999999,05:50,1.649,0.9179999999999999,05:50,0.248,13:10,16.533,55.419,0.0,31.0,16:00,21.44,08:00,27.14,19:00,22.94,10:00,,2019.0,7.0360000000000005,17:30,,3.8160000000000003,
2019,9,1,24.936,35.861999999999995,15:30,14.01,05:40,1.5319999999999998,0.848,05:00,0.12300000000000001,15:20,15.61,39.76,0.0,33.12,16:00,21.02,07:00,28.25,19:00,22.89,09:00,,2019.0,4.88,14:20,,3.6889999999999996,
2019,9,2,26.066999999999997,37.232,14:20,14.901,05:40,1.169,0.621,05:40,0.071,14:30,13.171,30.683000000000003,0.0,32.03,16:00,21.56,07:00,27.88,19:00,23.35,09:00,,2019.0,4.959,13:40,,3.2319999999999998,
2019,9,3,21.023000000000003,27.781,15:30,14.264000000000001,03:40,1.12,0.617,23:50,0.28300000000000003,04:50,14.96,69.836,0.0,30.02,16:00,19.99,07:00,26.38,19:00,22.44,10:00,,2019.0,7.487,10:30,,3.7030000000000003,
2019,9,4,22.515,30.109,16:50,14.921,05:10,1.535,0.852,05:30,0.273,16:50,11.754000000000001,55.846000000000004,0.254,29.78,15:00,20.88,08:00,26.23,19:00,22.52,10:00,,2019.0,9.761000000000001,16:50,,3.15,
2019,9,5,25.131,35.664,12:20,14.599,04:30,1.554,0.8220000000000001,05:30,0.151,11:40,11.034,35.816,1.778,27.27,13:00,19.58,07:00,24.92,18:00,21.8,09:00,,2019.0,11.956,13:10,,3.017,
2019,9,6,21.701,26.28,13:00,17.121,23:10,1.882,0.9079999999999999,23:30,0.542,13:10,8.349,55.478,1.778,26.38,14:00,20.19,07:00,23.85,17:00,21.65,10:00,,2019.0,7.7620000000000005,14:50,,2.251,
2019,9,7,23.659000000000002,31.935,15:30,15.382,06:00,1.59,0.9309999999999999,00:40,0.157,14:50,13.864,47.687,0.254,27.8,17:00,19.15,08:00,24.66,19:00,20.86,09:00,,2019.0,6.723,09:50,,3.38,
2019,9,8,16.851,22.016,13:00,11.686,05:20,1.4169999999999998,0.995,23:20,0.48100000000000004,12:50,11.569,65.01899999999999,9.652000000000001,26.89,15:00,17.99,07:00,23.65,17:00,20.28,10:00,,2019.0,8.33,13:40,,2.498,
2019,9,9,20.121,27.651999999999997,15:20,12.59,03:40,1.5419999999999998,1.0,03:50,0.309,15:20,13.908,46.20399999999999,0.254,26.11,15:00,17.6,07:00,23.33,18:00,19.59,09:00,,2019.0,5.88,11:50,,2.991,
2019,9,10,20.359,27.685,16:00,13.033,06:00,1.569,0.9440000000000001,02:10,0.368,14:50,15.655,43.917,1.27,26.84,16:00,17.53,07:00,23.78,19:00,19.55,09:00,,2019.0,6.84,14:30,,3.142,
2019,9,11,18.117,24.088,12:50,12.147,05:30,1.145,0.855,06:00,0.24600000000000002,22:00,11.832,58.748000000000005,2.286,25.81,14:00,17.04,07:00,23.01,18:00,19.47,09:00,,2019.0,10.408,20:00,,2.8280000000000003,
2019,9,12,17.389,23.996,12:50,10.782,23:40,0.8490000000000001,0.6509999999999999,23:30,0.204,16:40,14.467,53.19,0.0,23.74,15:00,14.68,07:00,21.52,18:00,17.77,09:00,,2019.0,7.702999999999999,14:10,,3.056,
2019,9,13,16.230999999999998,25.476,14:30,6.985,05:50,0.968,0.8590000000000001,04:40,0.191,13:50,16.009,42.387,0.0,26.25,16:00,13.43,07:00,22.32,19:00,16.65,09:00,,2019.0,6.409,15:20,,2.9939999999999998,
2019,9,14,19.058,29.701999999999998,15:50,8.415,05:50,1.014,0.7759999999999999,05:50,0.145,15:10,15.625,43.231,0.0,26.12,16:00,14.31,07:00,22.44,19:00,17.26,09:00,,2019.0,5.41,14:50,,3.219,
2019,9,15,19.799,30.365,13:40,9.232000000000001,05:50,1.037,0.738,04:40,0.16,13:50,13.780999999999999,32.803000000000004,0.0,27.09,16:00,15.08,07:00,23.12,19:00,17.68,09:00,,2019.0,6.272,14:00,,2.843,
2019,9,16,23.127,32.096,14:50,14.157,03:30,1.159,0.688,03:30,0.131,15:00,12.682,38.61,0.254,28.45,16:00,17.98,07:00,24.25,19:00,19.46,10:00,,2019.0,4.959,11:40,,2.984,
2019,9,17,22.180999999999997,30.784000000000002,13:30,13.579,01:30,1.135,0.684,07:10,0.165,13:40,12.104000000000001,54.552,0.0,25.69,16:00,17.17,08:00,22.82,19:00,19.3,10:00,,2019.0,9.447000000000001,16:20,,3.196,
2019,9,18,18.735,25.156999999999996,16:00,12.312000000000001,06:00,1.004,0.713,01:30,0.21600000000000003,15:50,14.215,80.39699999999999,0.0,25.71,16:00,16.03,07:00,22.55,19:00,18.38,10:00,,2019.0,8.271,11:50,,3.444,
2019,9,19,18.865,28.136,15:20,9.594,06:00,1.0490000000000002,0.745,06:10,0.218,14:20,14.302,44.341,0.0,25.73,16:00,14.95,07:00,22.29,19:00,17.69,10:00,,2019.0,7.1339999999999995,14:30,,2.9530000000000003,
2019,9,20,20.66,29.298000000000002,14:30,12.022,05:40,1.2830000000000001,0.87,04:20,0.184,14:30,12.294,42.118,0.0,26.42,16:00,16.2,07:00,22.83,19:00,18.29,09:00,,2019.0,6.292000000000001,20:40,,2.786,
2019,9,21,16.279,23.005,15:40,9.552999999999999,05:40,0.907,0.752,23:30,0.22899999999999998,00:50,11.763,71.71600000000001,0.0,24.59,15:00,15.46,08:00,21.87,18:00,18.04,10:00,,2019.0,11.133,18:50,,2.88,
2019,9,22,13.745999999999999,21.88,16:00,5.612,06:00,0.9009999999999999,0.8809999999999999,03:30,0.265,15:30,14.77,55.881,0.0,25.37,16:00,14.49,08:00,21.89,19:00,17.26,10:00,,2019.0,6.409,15:10,,2.7110000000000003,
2019,9,23,16.429000000000002,26.045,13:00,6.813,05:00,0.932,0.841,05:10,0.157,13:20,12.775,36.15,0.0,25.18,16:00,14.4,08:00,21.85,19:00,17.03,10:00,,2019.0,4.939,13:50,,2.498,
2019,9,24,18.454,28.473000000000003,15:50,8.435,05:00,0.826,0.6579999999999999,03:20,0.12,13:30,14.157,46.58,0.0,24.2,16:00,14.11,07:00,21.15,19:00,16.94,10:00,,2019.0,5.527,14:30,,2.9560000000000004,
2019,9,25,16.31,24.043000000000003,16:10,8.577,04:40,0.993,0.7559999999999999,03:30,0.316,16:30,13.689,67.935,0.0,24.33,16:00,14.2,07:00,21.16,19:00,16.71,10:00,,2019.0,6.938,10:10,,2.891,
2019,9,26,16.157,26.563000000000002,16:10,5.751,06:10,1.0,0.9009999999999999,06:00,0.188,20:00,13.770999999999999,37.0,0.0,23.52,16:00,13.42,08:00,20.48,19:00,16.3,10:00,,2019.0,8.33,19:50,,2.543,
2019,9,27,15.796,21.419,00:40,10.174,22:10,1.1159999999999999,0.9470000000000001,23:50,0.297,00:40,8.366,81.17,3.81,21.02,14:00,14.95,08:00,19.3,00:00,16.85,10:00,,2019.0,8.546,11:30,,2.381,
2019,9,28,15.372,22.654,16:10,8.091000000000001,05:20,1.212,0.946,00:00,0.442,16:10,11.47,70.2,0.0,22.03,16:00,13.89,08:00,19.33,19:00,16.01,09:00,,2019.0,7.095,17:20,,2.401,
2019,9,29,19.619,30.124000000000002,15:00,9.113,03:20,1.296,0.978,07:00,0.157,15:40,13.167,32.442,0.0,24.99,16:00,14.24,06:00,20.98,19:00,16.01,09:00,,2019.0,4.998,12:00,,2.537,
2019,9,30,14.761,21.572,13:50,7.9510000000000005,05:20,1.079,0.845,23:50,0.441,13:40,9.824,64.262,0.0,21.84,16:00,13.74,08:00,19.55,18:00,16.24,10:00,,2019.0,8.154,14:10,,2.174,
2019,10,1,8.635,11.55,00:00,5.72,23:50,1.026,1.0,23:40,0.8320000000000001,15:00,2.4219999999999997,87.836,7.62,17.5,00:00,12.95,23:00,18.62,00:00,15.26,23:00,,2019.0,7.37,03:40,,0.506,
2019,10,2,9.73,14.929,16:40,4.53,06:10,0.9109999999999999,1.0,00:00,0.512,19:50,7.337999999999999,66.195,2.54,16.19,16:00,10.85,08:00,15.26,19:00,13.3,10:00,,2019.0,6.566,23:40,,1.537,
2019,10,3,10.894,18.102,16:00,3.6860000000000004,02:30,0.843,0.866,23:10,0.42700000000000005,15:20,11.824000000000002,36.577,0.0,18.68,16:00,9.05,05:00,16.08,19:00,11.78,09:00,,2019.0,6.272,00:00,,1.8319999999999999,
2019,10,4,13.02,22.982,19:00,3.057,06:00,0.8,0.9209999999999999,06:20,0.147,19:00,12.634,48.751000000000005,0.0,19.64,16:00,8.53,08:00,16.6,19:00,11.72,10:00,,2019.0,10.819,23:10,,2.375,
2019,10,5,13.747,18.383,16:00,9.111,22:30,0.524,0.516,23:50,0.152,15:50,11.642999999999999,81.048,0.0,18.66,16:00,9.48,08:00,16.11,19:00,12.42,10:00,,2019.0,8.879,03:10,,2.735,
2019,10,6,9.554,16.043,14:40,3.0639999999999996,23:30,0.5529999999999999,0.723,23:30,0.207,10:30,13.19,68.631,0.0,19.94,16:00,10.02,08:00,16.85,18:00,12.61,10:00,,2019.0,8.427999999999999,02:20,,2.295,
2019,10,7,10.464,21.622,15:40,-0.693,05:00,0.605,0.8029999999999999,05:00,0.154,15:00,13.142999999999999,36.45,0.0,19.91,16:00,7.56,08:00,16.5,19:00,11.2,10:00,,2019.0,5.1160000000000005,13:20,,2.052,
2019,10,8,13.3,25.034000000000002,14:50,1.565,03:00,0.614,0.732,03:00,0.07400000000000001,14:40,10.325999999999999,33.589,0.0,19.93,16:00,9.04,07:00,16.42,19:00,11.69,10:00,,2019.0,5.096,13:30,,2.029,
2019,10,9,12.308,25.763,13:20,-1.147,22:30,0.6809999999999999,0.846,22:40,0.107,13:40,8.585,81.56,0.0,19.09,16:00,9.59,08:00,15.99,18:00,12.06,10:00,,2019.0,11.152000000000001,14:50,,3.055,
2019,10,10,-1.673,2.134,13:40,-5.481,06:20,0.363,0.9309999999999999,05:50,0.414,14:00,8.667,90.641,5.8420000000000005,11.57,00:00,6.13,23:00,14.34,00:00,9.97,23:00,,2019.0,10.172,00:30,,1.187,
2019,10,11,1.423,10.328,15:20,-7.482,05:30,0.38299999999999995,0.898,06:10,0.235,16:00,12.902999999999999,71.598,0.254,11.55,16:00,3.0260000000000002,09:00,10.27,18:00,6.859,11:00,,2019.0,7.232,14:50,,1.768,
2019,10,12,6.274,16.475,15:00,-3.928,06:10,0.49700000000000005,0.8340000000000001,06:10,0.21100000000000002,14:00,12.494000000000002,40.871,0.0,13.74,16:00,2.7569999999999997,09:00,11.19,19:00,6.313,10:00,,2019.0,4.332,15:10,,1.743,
2019,10,13,9.82,22.35,14:40,-2.71,06:30,0.5479999999999999,0.813,06:10,0.091,15:10,12.345,38.306999999999995,0.0,15.74,16:00,3.676,08:00,12.46,19:00,7.07,10:00,,2019.0,5.428999999999999,13:00,,1.989,
2019,10,14,11.73,23.06,14:40,0.401,05:50,0.524,0.6659999999999999,06:10,0.096,16:00,11.651,57.518,0.0,16.79,16:00,5.362,08:00,13.46,19:00,8.36,09:00,,2019.0,6.546,13:40,,2.403,
2019,10,15,8.552,14.612,15:20,2.491,23:50,0.612,0.775,22:50,0.325,15:20,11.665999999999999,68.319,0.0,16.11,16:00,6.849,08:00,13.46,19:00,9.47,10:00,,2019.0,7.468,00:30,,1.889,
2019,10,16,12.152000000000001,24.135,15:40,0.16899999999999998,05:20,0.705,0.8490000000000001,05:30,0.14800000000000002,15:30,7.0329999999999995,28.307,0.0,14.32,17:00,6.393,08:00,12.44,19:00,9.15,10:00,,2019.0,3.94,14:40,,1.597,
2019,10,17,12.792,24.412,12:20,1.171,04:40,0.648,0.777,04:40,0.10099999999999999,15:30,8.713,27.276999999999997,0.0,15.91,16:00,6.337000000000001,08:00,13.42,19:00,8.98,09:00,,2019.0,3.861,13:30,,1.6480000000000001,
2019,10,18,12.392999999999999,19.988,13:50,4.798,05:50,0.5529999999999999,0.648,02:00,0.12300000000000001,15:40,8.629,70.947,0.0,15.64,16:00,7.42,08:00,13.27,18:00,9.76,10:00,,2019.0,10.485999999999999,20:20,,2.293,
2019,10,19,9.497,17.67,15:40,1.325,03:40,0.45899999999999996,0.625,03:40,0.151,15:00,11.100999999999999,58.721000000000004,0.0,15.82,16:00,6.2620000000000005,08:00,13.26,19:00,9.07,10:00,,2019.0,8.389,15:20,,1.994,
2019,10,20,7.065,10.37,13:50,3.76,23:30,0.479,0.738,01:20,0.21600000000000003,12:00,7.952999999999999,150.866,0.0,12.36,16:00,7.71,08:00,12.11,00:00,9.92,10:00,,2019.0,14.915999999999999,13:00,,2.345,
2019,10,21,7.504,12.398,12:00,2.61,05:00,0.40299999999999997,0.5770000000000001,20:20,0.20199999999999999,12:00,8.855,92.544,0.0,12.66,16:00,5.435,08:00,11.16,18:00,8.13,10:00,,2019.0,10.78,14:30,,2.064,
2019,10,22,9.526,18.78,13:30,0.272,06:30,0.509,0.654,06:30,0.203,13:20,10.445,80.87899999999999,0.0,14.78,16:00,4.989,08:00,12.3,19:00,7.88,10:00,,2019.0,13.857000000000001,22:30,,2.276,
2019,10,23,7.6129999999999995,13.526,00:00,1.7009999999999998,23:30,0.515,0.7170000000000001,06:50,0.272,00:10,5.546,118.853,0.0,12.05,16:00,8.56,08:00,11.69,00:00,10.14,10:00,,2019.0,13.328,03:30,,2.115,
2019,10,24,2.265,7.2170000000000005,14:40,-2.6860000000000004,06:30,0.39799999999999996,0.775,06:50,0.332,14:00,10.46,68.363,0.0,12.53,16:00,5.587999999999999,08:00,11.03,18:00,8.31,10:00,,2019.0,9.565,13:20,,1.349,
2019,10,25,6.845,17.847,15:20,-4.156000000000001,06:00,0.522,0.836,06:00,0.218,14:20,10.236,45.808,0.0,13.31,16:00,3.405,08:00,10.97,19:00,6.6339999999999995,10:00,,2019.0,5.742999999999999,13:10,,1.5919999999999999,
2019,10,26,10.758,22.973000000000003,14:20,-1.456,23:50,0.637,0.845,23:50,0.14300000000000002,14:30,9.288,80.423,0.0,14.91,16:00,5.202000000000001,07:00,11.98,19:00,7.64,09:00,,2019.0,10.564,16:30,,2.5140000000000002,
2019,10,27,-4.739,-1.433,00:30,-8.045,23:20,0.32899999999999996,0.903,00:30,0.629,04:10,2.7710000000000004,92.99600000000001,0.0,9.33,00:00,4.802,23:00,10.89,00:00,7.1,23:00,,2019.0,8.565,01:20,,0.523,
2019,10,28,-5.022,-1.92,14:00,-8.124,00:10,0.317,0.89,00:00,0.622,14:00,8.229,73.094,4.572,4.738,00:00,2.889,23:00,6.9910000000000005,00:00,5.466,23:00,,2019.0,5.135,12:20,,0.7290000000000001,
2019,10,29,-8.807,-4.82,02:10,-12.794,21:40,0.254,0.9059999999999999,03:20,0.7170000000000001,11:00,2.864,81.725,0.0,2.736,00:00,2.171,09:00,5.337999999999999,00:00,4.305,23:00,,2019.0,7.507000000000001,04:30,,0.373,
2019,10,30,-8.924,-4.704,13:40,-13.145,23:50,0.209,0.867,23:50,0.478,12:40,3.509,57.367,5.08,2.5580000000000003,02:00,2.342,23:00,4.303,00:00,4.103,23:00,,2019.0,5.7620000000000005,15:40,,0.491,
2019,10,31,-2.865,8.397,15:20,-14.128,01:20,0.27699999999999997,0.885,00:40,0.23600000000000002,15:30,9.884,28.191999999999997,4.572,2.261,00:00,1.742,11:00,4.062,00:00,3.5860000000000003,13:00,,2019.0,3.41,18:00,,0.893,
2019,11,1,0.22899999999999998,5.181,09:30,-4.7219999999999995,23:50,0.387,0.847,22:10,0.401,03:00,8.429,64.954,0.0,3.4730000000000003,16:00,1.725,08:00,4.06,18:00,3.372,11:00,,2019.0,6.782,10:10,,1.036,
2019,11,2,1.6980000000000002,10.758,14:40,-7.362,07:00,0.386,0.88,03:20,0.24100000000000002,16:00,9.495,30.160999999999998,0.0,4.82,16:00,-0.027999999999999997,09:00,4.612,19:00,2.391,12:00,,2019.0,3.763,15:00,,0.982,
2019,11,3,5.141,13.965,14:20,-3.6830000000000003,03:20,0.43700000000000006,0.7759999999999999,03:20,0.217,14:20,8.163,66.361,0.0,6.228,16:00,0.337,10:00,5.76,20:00,2.9610000000000003,12:00,,2019.0,6.096,22:30,,1.546,
2019,11,4,4.19,9.359,14:50,-0.978,23:50,0.5329999999999999,0.894,23:50,0.401,00:40,9.26,56.745,0.0,9.66,16:00,3.071,08:00,8.12,18:00,4.977,10:00,,2019.0,5.351,11:50,,1.111,
2019,11,5,5.218999999999999,13.75,15:20,-3.312,06:10,0.586,0.935,06:20,0.39,13:30,9.17,47.004,0.0,4.114,00:00,2.2430000000000003,03:00,7.53,19:00,4.447,11:00,,2019.0,5.723,12:50,,1.15,
2019,11,6,4.235,11.045,10:10,-2.574,06:40,0.563,0.965,23:20,0.397,10:00,6.61,76.139,0.0,,,,,6.523,00:00,4.332,11:00,,2019.0,8.154,12:20,,1.2209999999999999,
2019,11,7,2.372,7.042999999999999,14:40,-2.299,00:10,0.5710000000000001,0.982,21:00,0.594,14:40,6.275,43.004,1.27,,,,,6.52,18:00,4.47,11:00,,2019.0,4.351,00:10,,0.7609999999999999,
2019,11,8,7.648,19.787,14:50,-4.492,06:30,0.569,0.968,00:00,0.121,14:00,8.783,35.049,0.254,,,,,7.01,19:00,3.6010000000000004,11:00,,2019.0,4.978,15:40,,1.2830000000000001,
2019,11,9,10.911,22.503,14:40,-0.682,05:50,0.611,0.785,05:50,0.153,12:10,8.386000000000001,40.353,0.0,,,,,8.02,19:00,4.268,10:00,,2019.0,4.606,12:30,,1.463,
2019,11,10,5.47,15.667,13:50,-4.727,23:50,0.45,0.7859999999999999,20:10,0.215,14:30,4.348,57.275,0.0,,,,,7.11,00:00,4.794,10:00,,2019.0,9.663,18:00,,1.433,
2019,11,11,-7.825,-4.239,14:10,-11.412,07:30,0.259,0.9159999999999999,23:40,0.613,14:20,8.588,82.755,0.254,,,,,6.497000000000001,00:00,4.073,23:00,,2019.0,7.056,00:50,,0.574,
2019,11,12,-0.043,12.216,15:10,-12.302999999999999,06:00,0.345,0.9109999999999999,00:00,0.225,15:30,9.517000000000001,29.061999999999998,3.81,,,,,4.287,19:00,2.889,13:00,,2019.0,4.194,18:10,,0.868,
2019,11,13,8.318999999999999,16.415,11:30,0.22399999999999998,01:00,0.486,0.738,01:00,0.15,04:00,7.336,90.124,0.0,,,,,6.0329999999999995,19:00,3.221,10:00,,2019.0,11.427,03:10,,1.946,
2019,11,14,5.547000000000001,10.945,14:00,0.149,23:30,0.583,0.9329999999999999,04:20,0.355,15:00,7.5489999999999995,63.453,0.0,,,,,7.39,18:00,5.081,10:00,,2019.0,5.8020000000000005,13:40,,1.099,
2019,11,15,7.779,17.021,15:00,-1.462,03:10,0.586,0.865,06:30,0.245,14:40,4.8260000000000005,29.156,0.0,,,,,6.35,20:00,4.063,11:00,,2019.0,4.41,16:10,,0.997,
2019,11,16,10.66,17.697,13:00,3.623,02:50,0.599,0.7,03:20,0.23600000000000002,13:00,4.117,72.953,0.0,,,,,7.03,18:00,5.141,10:00,,2019.0,13.387,16:20,,1.6909999999999998,
2019,11,17,4.43,12.116,14:10,-3.2560000000000002,07:20,0.502,0.89,05:30,0.309,13:50,7.221,55.718999999999994,0.0,,,,,6.528,19:00,4.167,11:00,,2019.0,6.938,10:10,,1.085,
2019,11,18,11.554,19.123,13:30,3.984,23:50,0.574,0.625,23:50,0.21899999999999997,13:30,7.329,59.806000000000004,0.0,,,,,8.39,18:00,5.422000000000001,10:00,,2019.0,9.545,04:20,,1.5230000000000001,
2019,11,19,7.153,15.612,14:40,-1.306,06:10,0.564,0.784,06:10,0.331,14:40,4.813,27.092,0.0,,,,,7.33,00:00,4.96,11:00,,2019.0,2.862,15:10,,0.8759999999999999,
2019,11,20,4.67,10.695,11:20,-1.355,20:40,0.598,0.9840000000000001,19:20,0.419,12:30,3.944,93.669,0.254,,,,,6.742999999999999,18:00,5.197,10:00,,2019.0,8.918,15:20,,1.176,
2019,11,21,-1.739,-0.977,12:00,-2.501,07:10,0.40399999999999997,0.84,23:50,0.665,11:00,1.8980000000000001,67.064,0.0,,,,,5.934,00:00,4.251,23:00,,2019.0,4.5280000000000005,00:00,,0.405,
2019,11,22,-1.255,2.603,14:40,-5.112,23:40,0.46799999999999997,0.9570000000000001,04:40,0.722,14:40,5.07,43.576,4.8260000000000005,,,,,4.171,18:00,3.6310000000000002,12:00,,2019.0,4.234,12:40,,0.506,
2019,11,23,4.217,13.282,14:00,-4.848,00:00,0.47700000000000004,0.934,00:00,0.223,14:00,7.379,38.406,0.0,,,,,4.069,19:00,2.4859999999999998,12:00,,2019.0,5.742999999999999,01:10,,0.9079999999999999,
2019,11,24,5.667000000000001,15.227,13:50,-3.8930000000000002,04:00,0.444,0.833,04:10,0.141,13:50,6.584,83.351,0.0,,,,,4.17,20:00,2.4930000000000003,12:00,,2019.0,12.309000000000001,20:00,,1.686,
2019,11,25,3.452,10.113999999999999,01:30,-3.2110000000000003,23:50,0.48700000000000004,0.977,19:40,0.26899999999999996,00:20,1.139,71.743,0.0,,,,,4.0969999999999995,00:00,3.055,12:00,,2019.0,7.702999999999999,01:30,,0.828,
2019,11,26,-8.343,-2.5869999999999997,15:10,-14.097999999999999,23:30,0.258,0.971,01:20,0.618,15:30,3.3710000000000004,66.666,0.0,,,,,3.1460000000000004,00:00,2.715,22:00,,2019.0,7.4479999999999995,03:20,,0.455,
2019,11,27,-10.873,-5.601,11:10,-16.144000000000002,07:00,0.19899999999999998,0.903,23:50,0.59,09:40,6.442,39.325,0.254,,,,,2.7119999999999997,00:00,2.495,23:00,,2019.0,4.841,12:30,,0.353,
2019,11,28,-5.517,-2.375,14:20,-8.658999999999999,06:10,0.33399999999999996,0.935,23:40,0.7170000000000001,12:50,5.97,54.426,3.81,,,,,2.489,00:00,2.3569999999999998,23:00,,2019.0,4.665,12:20,,0.41600000000000004,
2019,11,29,-3.236,-0.503,22:10,-5.968,05:50,0.444,0.977,06:40,0.867,12:10,2.65,48.048,0.0,,,,,2.35,00:00,2.2319999999999998,23:00,,2019.0,5.1739999999999995,17:20,,0.305,
2019,11,30,-1.06,2.35,06:00,-4.47,23:20,0.376,0.9690000000000001,02:20,0.364,17:00,3.093,107.958,0.762,,,,,2.227,00:00,2.144,23:00,,2019.0,14.661,13:00,,0.91,
2019,12,1,-5.94,0.048,13:10,-11.929,06:40,0.264,0.898,23:30,0.45299999999999996,13:10,7.15,39.681999999999995,3.302,,,,,2.146,00:00,2.075,13:00,,2019.0,4.136,09:40,,0.47100000000000003,
2019,12,2,0.889,12.62,13:00,-10.842,01:00,0.389,0.907,00:10,0.289,13:00,6.891,39.301,4.3180000000000005,,,,,2.0780000000000003,00:00,1.96,13:00,,2019.0,9.036,23:30,,0.8220000000000001,
2019,12,3,5.218,13.175999999999998,10:10,-2.74,23:40,0.5,0.9009999999999999,23:50,0.231,10:00,6.7410000000000005,74.027,0.0,,,,,2.028,15:00,1.955,23:00,,2019.0,8.742,03:00,,1.249,
2019,12,4,2.47,8.861,13:10,-3.9219999999999997,02:00,0.475,0.917,00:50,0.386,13:10,3.767,27.826,0.0,,,,,1.944,00:00,1.725,23:00,,2019.0,3.352,11:10,,0.636,
2019,12,5,2.082,5.1370000000000005,09:50,-0.9740000000000001,00:00,0.628,0.977,23:50,0.7929999999999999,04:20,1.3780000000000001,37.085,6.604,,,,,1.713,00:00,1.6119999999999999,23:00,,2019.0,6.84,12:10,,0.218,
2019,12,6,1.805,7.816,13:00,-4.206,06:30,0.5329999999999999,1.0,02:10,0.5329999999999999,13:00,6.852,27.72,0.0,,,,,1.611,05:00,1.5290000000000001,23:00,,2019.0,3.214,14:10,,0.498,
2019,12,7,3.531,11.883,15:40,-4.82,05:40,0.524,0.972,00:10,0.36,13:40,4.156000000000001,25.947,0.254,,,,,1.521,00:00,1.386,23:00,,2019.0,3.214,12:20,,0.6579999999999999,
2019,12,8,4.837,10.33,11:40,-0.6559999999999999,03:10,0.54,0.8640000000000001,03:10,0.391,22:20,5.395,46.175,0.0,,,,,1.38,00:00,1.334,13:00,,2019.0,6.899,17:40,,0.78,
2019,12,9,0.249,4.341,00:00,-3.844,20:20,0.44,0.9470000000000001,23:30,0.47,00:00,4.237,70.406,0.254,,,,,1.337,00:00,1.285,23:00,,2019.0,7.35,00:10,,0.7190000000000001,
2019,12,10,-2.283,1.251,15:30,-5.817,06:30,0.406,0.953,03:50,0.62,12:00,6.682,49.753,0.0,,,,,1.2819999999999998,00:00,1.22,13:00,,2019.0,6.037000000000001,12:10,,0.45,
2019,12,11,-1.104,5.747999999999999,13:40,-7.956,06:20,0.384,0.934,00:50,0.431,13:40,4.511,33.059,0.0,,,,,1.217,00:00,1.051,23:00,,2019.0,4.978,22:00,,0.551,
2019,12,12,2.316,7.601,13:20,-2.969,03:30,0.424,0.7809999999999999,02:30,0.395,23:50,3.7260000000000004,39.992,0.0,,,,,1.048,00:00,0.93,14:00,,2019.0,4.606,21:50,,0.713,
2019,12,13,3.39,8.038,01:30,-1.2590000000000001,22:10,0.319,0.594,03:30,0.22699999999999998,09:20,6.144,112.087,0.0,,,,,0.945,00:00,0.882,12:00,,2019.0,14.052999999999999,11:40,,1.4869999999999999,
2019,12,14,-3.137,0.633,01:30,-6.907,23:50,0.353,0.97,14:20,0.48700000000000004,01:30,1.714,50.075,0.0,,,,,0.924,09:00,0.912,11:00,,2019.0,5.037,01:20,,0.37799999999999995,
2019,12,15,-5.13,-0.684,12:00,-9.575,03:00,0.304,0.9570000000000001,00:30,0.502,11:30,5.019,48.783,3.302,,,,,0.917,00:00,0.8759999999999999,13:00,,2019.0,6.292000000000001,05:50,,0.462,
2019,12,16,-4.894,1.055,13:40,-10.843,23:50,0.23,0.8,01:30,0.284,14:50,6.352,43.75899999999999,0.762,,,,,0.8959999999999999,00:00,0.795,13:00,,2019.0,5.586,11:10,,0.5479999999999999,
2019,12,17,-5.347,2.783,13:40,-13.478,06:20,0.212,0.835,06:30,0.205,14:00,5.903,39.169000000000004,0.0,,,,,0.789,00:00,0.59,14:00,,2019.0,4.351,14:50,,0.581,
2019,12,18,-0.846,9.789,13:50,-11.482000000000001,06:20,0.301,0.851,06:30,0.198,14:30,6.564,28.416,0.0,,,,,0.5870000000000001,00:00,0.41100000000000003,13:00,,2019.0,3.802,12:30,,0.603,
2019,12,19,0.33799999999999997,7.4270000000000005,14:30,-6.75,03:20,0.331,0.843,03:40,0.21600000000000003,13:30,4.085,28.555,0.0,,,,,0.441,00:00,0.28,14:00,,2019.0,3.8810000000000002,19:10,,0.636,
2019,12,20,0.552,9.229,14:00,-8.125,06:30,0.358,0.865,06:40,0.264,14:10,6.131,29.61,0.0,,,,,0.3,00:00,0.13699999999999998,13:00,,2019.0,3.332,12:00,,0.596,
2019,12,21,4.018,13.843,14:10,-5.807,05:00,0.40700000000000003,0.8320000000000001,00:40,0.171,14:20,4.816,27.204,0.0,,,,,0.192,01:00,0.066,13:00,,2019.0,3.5669999999999997,05:50,,0.748,
2019,12,22,2.506,7.222,14:20,-2.21,07:00,0.431,0.7979999999999999,04:10,0.384,12:50,2.125,18.831,0.0,,,,,0.128,04:00,0.076,13:00,,2019.0,3.116,11:40,,0.41100000000000003,
2019,12,23,5.234,11.369000000000002,14:40,-0.9009999999999999,00:20,0.436,0.76,03:00,0.225,14:40,3.108,21.396,0.0,,,,,0.131,22:00,0.07,12:00,,2019.0,2.45,13:10,,0.6940000000000001,
2019,12,24,6.829,13.529000000000002,12:40,0.13,07:10,0.39799999999999996,0.675,02:20,0.132,14:40,4.51,35.282,0.0,,,,,0.205,23:00,0.13699999999999998,00:00,,2019.0,4.665,14:00,,0.9109999999999999,
2019,12,25,2.781,8.104,13:40,-2.542,06:10,0.48700000000000004,0.9540000000000001,23:50,0.354,13:10,2.7430000000000003,37.863,0.254,,,,,0.235,22:00,0.195,12:00,,2019.0,6.7620000000000005,22:00,,0.652,
2019,12,26,0.223,3.235,14:20,-2.7880000000000003,20:50,0.508,0.983,03:10,0.653,14:20,3.023,33.239000000000004,0.0,,,,,0.28600000000000003,23:00,0.23800000000000002,00:00,,2019.0,4.684,14:00,,0.45799999999999996,
2019,12,27,-1.493,2.26,14:40,-5.245,07:30,0.40299999999999997,0.9079999999999999,21:20,0.565,10:30,4.255,34.897,0.0,,,,,0.308,06:00,0.257,14:00,,2019.0,4.468999999999999,16:00,,0.473,
2019,12,28,-2.695,-1.102,01:50,-4.288,07:00,0.363,0.973,04:00,0.47700000000000004,22:30,2.9939999999999998,108.31,0.0,,,,,0.298,20:00,0.264,10:00,,2019.0,10.623,12:20,,0.6809999999999999,
2019,12,29,-3.7310000000000003,1.871,13:30,-9.333,22:40,0.221,0.69,22:50,0.267,15:50,5.551,104.831,4.064,,,,,0.28800000000000003,00:00,0.21899999999999997,23:00,,2019.0,11.485999999999999,07:10,,1.0390000000000001,
2019,12,30,-5.4270000000000005,1.2930000000000001,13:40,-12.147,06:20,0.226,0.833,06:50,0.278,12:00,6.694,36.863,0.508,,,,,0.2,00:00,-0.15,23:00,,2019.0,4.586,14:30,,0.504,
2019,12,31,-4.175,4.81,13:10,-13.16,06:50,0.247,0.862,06:10,0.24100000000000002,12:50,7.417999999999999,29.557,0.0,,,,,-0.174,00:00,-0.917,13:00,,2019.0,5.566,18:40,,0.503,
